OrderID,CustomerName,Email,ProductCategory,ProductName,Quantity,UnitPrice,Sales,OrderDate,Shippingcity,Country,PaymentMethod
100001,Allison Hill,donaldgarcia@example.net,Electronics,Wireless Mouse,4,59.69,238.76,07/05/26,New Roberttown,India,Credit Card
100002,David Guzman,jennifermiles@example.com,Apparel,Baseball Cap,4,180.42,721.68,03/01/25,Lisatown,U.S.A,Credit Card
100003,Caitlin Henderson,eric51@example.org,Beauty,Lipstick Matte,4,239.52,958.08,25/06/25,Melanieview,Canada,Debit Card
100005,Darren Roberts,wyattmichelle@example.com,Electronics,USB-C Cable,7,73.1,511.7,12/04/25,Franciscostad,U.S.A,NA
100006,Derek Zuniga,lynchgeorge@example.net,Electronics,Webcam HD,4,45.03,180.12,18/03/25,Grayside,NA,Credit Card
100007,Frederick Tate,perezantonio@example.com,Home & Kitchen,Throw Pillow,4,228.72,914.88,11/07/25,East Robinshire,U.S.A,Upi
100008,Emily Rios,pwilkerson@example.com,Home & Kitchen,Ceramic Mug Set,5,188.02,940.1,01/03/25,East Julie,Canada,Credit Card
100009,Nicole Patterson,icox@example.net,Beauty,Face Moisturizer,2,42.45,84.9,16/09/25,Port Danielburgh,Australia,Upi
100010,Jennifer Brown,dcarlson@example.net,Home & Kitchen,Cutting Board,1,171.67,171.67,23/03/25,Lake Jenniferside,United Kingdom,Upi
100011,Patricia Peterson,ryan70@example.net,Beauty,Face Moisturizer,5,243.11,1215.55,23/06/26,Teresaburgh,India,Credit Card
100012,Ashley Garrett,ericfarmer@example.net,Home & Kitchen,Ceramic Mug Set,1,151.74,151.74,19/08/26,New Mariotown,United Kingdom,Credit Card
100013,Jack Galloway,john39@example.org,Electronics,Wireless Mouse,2,244.61,489.22,22/11/24,Cabreraside,U.S.A,Net Banking
100014,Betty Alvarez,josephbrennan@example.com,Beauty,Shampoo 500ml,4,179.67,718.68,26/08/26,Lake Larry,Canada,Credit Card
100015,Marie Kim DDS,wrightcaleb@example.org,Electronics,Webcam HD,4,6.76,27.04,25/11/25,New Jeffrey,U.S.A,Credit Card
100017,Sonya Johnston,kristenaguirre@example.org,Apparel,Cotton T-Shirt,7,91.8,642.6,28/11/24,Gomezchester,India,Credit Card
100018,Nicholas Nunez,brownjessica@example.org,Apparel,Denim Jacket,3,108.36,325.08,21/03/25,New Shane,NA,Credit Card
100019,Donald Wright,ramosmichelle@example.net,Sports,Yoga Mat,4,45.75,183,12/01/24,North Sarabury,NA,Credit Card
100020,John Lewis,NA,Home & Kitchen,Throw Pillow,8,42.93,343.44,22/09/24,Bakermouth,Australia,Credit Card
100021,Michael Cross,smoore@example.org,Sports,Jump Rope,3,18.94,56.82,30/08/26,Lake Leeton,India,Credit Card
100022,Kathryn Farrell,brianromero@example.org,Apparel,Baseball Cap,2,107.71,215.42,11/10/24,Lake Michellefurt,NA,NA
100023,Steve Sanchez,harveyrobert@example.net,Apparel,Running Shoes,5,117.02,585.1,11/08/25,Sarahborough,India,Credit Card
100024,Emily Baker,emilyevans@example.com,Sports,Resistance Bands,3,233.65,700.95,08/01/26,North Stephenshire,United Kingdom,Net Banking
100025,Angel Lewis MD,NA,Sports,Dumbbell Set,1,233.28,233.28,14/01/25,Cherylhaven,United Kingdom,Credit Card
100026,Robert Evans,mcmillandennis@example.org,Home & Kitchen,Cutting Board,6,54.88,329.28,03/07/26,NA,Australia,NA
100027,Grant Watts,william40@example.org,Beauty,Lipstick Matte,1,193.92,193.92,28/12/25,Bradleymouth,U.S.A,Credit Card
100028,Mandy Green,barnold@example.net,Electronics,USB-C Cable,6,147.71,886.26,28/09/24,Lake Rebeccaside,India,Credit Card
100029,Jacob Tran,tanderson@example.com,Apparel,Denim Jacket,1,196.13,196.13,07/10/26,West Jasonbury,Australia,Credit Card
100030,Heather Castro,vdickson@example.org,Apparel,Wool Sweater,1,196.68,196.68,29/07/26,Port Francisco,United Kingdom,Credit Card
100031,Cassandra Gutierrez,jillcook@example.com,Apparel,Denim Jacket,8,90.67,725.36,30/04/26,NA,U.S.A,Debit Card
100032,Janet Williams,dwalker@example.com,Home & Kitchen,LED Desk Lamp,7,171.48,1200.36,02/05/25,East Andrew,India,Net Banking
100033,Garrett Lin,michael86@example.net,Electronics,Wireless Mouse,6,183.49,1100.94,09/08/26,Sheilaville,Australia,Debit Card
100035,Steven Lee,NA,Home & Kitchen,Throw Pillow,5,140.83,704.15,02/05/26,West Ryan,U.S.A,Credit Card
100036,Tammie Hanson,cortezkevin@example.com,Home & Kitchen,Ceramic Mug Set,6,118.92,713.52,21/01/26,Richardport,Australia,Cash On Delivery
100037,Cheryl Ortega,lbyrd@example.net,Electronics,Bluetooth Speaker,6,27.88,167.28,11/11/25,Kelleytown,NA,Credit Card
100038,Daniel Floyd,steven73@example.net,Beauty,Hair Dryer,2,116.58,233.16,09/01/25,Lake Christopher,U.S.A,Cash On Delivery
100039,,emilywalker@example.org,Electronics,Laptop Stand,8,17.3,138.4,01/06/25,East Traceyland,Canada,Net Banking
100041,Colleen Brock,pwilliams@example.org,Home & Kitchen,Cutting Board,4,72.28,289.12,20/08/25,Contrerasside,U.S.A,Credit Card
100043,,rsims@example.com,Sports,Yoga Mat,7,121.86,853.02,16/11/24,Jimmymouth,Canada,Cash On Delivery
100044,Joshua Taylor,patrickhernandez@example.org,Apparel,Wool Sweater,7,123.98,867.86,11/06/24,Riveramouth,U.S.A,Net Banking
100045,Daniel Fisher,gateskathy@example.com,Beauty,Hair Dryer,1,25.57,25.57,09/04/25,Kennethfurt,U.S.A,Debit Card
100046,Tiffany Barnes,tracynelson@example.com,Beauty,Lipstick Matte,7,73.17,512.19,10/12/24,Elizabethfurt,United Kingdom,Credit Card
100047,Sara Calhoun,meadowsbrittany@example.net,Apparel,Cotton T-Shirt,1,189.79,189.79,10/10/24,Taylormouth,India,NA
100048,David Murphy,wmurphy@example.com,Electronics,Webcam HD,8,176.37,1410.96,04/12/25,Kingland,Australia,Cash On Delivery
100049,Paul Williams,jeffrey10@example.org,Home & Kitchen,Non-Stick Pan,5,146.07,730.35,16/08/26,Port Andrew,Canada,Net Banking
100050,,stevenscott@example.com,Apparel,Cotton T-Shirt,5,213.32,1066.6,21/01/25,Port Loriport,Australia,NA
100051,Alexander Collins,tsanders@example.org,Sports,Water Bottle 1L,5,206.47,1032.35,15/11/24,North Heidi,Canada,Credit Card
100053,Ashley Yu,NA,Beauty,Shampoo 500ml,7,87.42,611.94,11/03/26,Christinaside,U.S.A,Cash On Delivery
100054,Julie Petersen,marcus31@example.com,Home & Kitchen,LED Desk Lamp,5,141.17,705.85,27/06/26,Port Steven,India,Cash On Delivery
100056,Angela Cortez,ppeters@example.net,Home & Kitchen,LED Desk Lamp,5,80.12,400.6,09/04/25,Westtown,United Kingdom,Cash On Delivery
100057,Daniel Holt,NA,Apparel,Denim Jacket,5,182.52,912.6,14/10/25,Barajasside,Australia,Debit Card
100058,Michael Nelson,jerry35@example.org,Home & Kitchen,Ceramic Mug Set,3,72.21,216.63,18/03/26,East Javier,United Kingdom,Credit Card
100059,Dr. William Warren,tina34@example.org,Sports,Water Bottle 1L,8,88.47,707.76,11/06/25,Alexisside,Canada,Credit Card
100060,Angel Brown,heidi27@example.org,Electronics,USB-C Cable,5,25.87,129.35,20/06/26,Taylormouth,NA,Cash On Delivery
100061,Vincent King,ewilson@example.com,Beauty,Sunscreen SPF50,5,215.74,1078.7,15/09/25,East Edwardshire,Australia,Cash On Delivery
100062,Angela Wright,NA,Apparel,Denim Jacket,2,43.48,86.96,03/04/25,Hayesmouth,U.S.A,Upi
100063,Kevin Patterson,lynchjody@example.org,Electronics,USB-C Cable,5,177.23,886.15,22/12/25,Donnaburgh,NA,NA
100064,Juan Moore,mhayes@example.com,Home & Kitchen,Ceramic Mug Set,3,199.19,597.57,21/04/25,West Jasmine,England,Cash On Delivery
100066,Charles Brown,brooke94@example.com,Sports,Dumbbell Set,5,146.18,730.9,20/12/24,Hollyview,Canada,Credit Card
100067,Katherine Miller,prestonjessica@example.net,Beauty,Sunscreen SPF50,8,90.25,722,23/03/25,East Suzanneshire,U.S.A,Cash On Delivery
100068,Unknown,NA,Sports,Yoga Mat,6,66.84,401.04,01/10/26,NA,Australia,Upi
100069,Robert Costa,vbailey@example.com,Apparel,Baseball Cap,8,158.23,1265.84,23/01/26,West Robert,NA,Cash On Delivery
100070,Matthew Morales DDS,gibsonleonard@example.com,Electronics,Wireless Mouse,4,178.9,715.6,14/12/24,Hancocktown,Australia,Credit Card
100071,Kimberly Gutierrez,aprildean@example.com,Electronics,USB-C Cable,5,129.67,648.35,22/12/25,East Josephberg,Canada,Credit Card
100073,Danny Skinner,murraydavid@example.org,Sports,Jump Rope,8,136.95,1095.6,20/09/25,Williamview,Australia,Credit Card
100074,,yarnold@example.org,Sports,Jump Rope,7,15.69,109.83,26/07/26,Port Chad,Canada,NA
100076,Haley Arnold,NA,Apparel,Cotton T-Shirt,5,87.95,439.75,09/07/26,New Patrick,England,Cash On Delivery
100077,Jennifer Flores,zthornton@example.com,Sports,Yoga Mat,4,159.63,638.52,30/06/25,South Tammie,India,Cash On Delivery
100078,Vincent Rivera,sawyerscott@example.net,Beauty,Shampoo 500ml,1,16.27,16.27,18/07/26,Lake Douglasberg,NA,Upi
100079,Richard Baker,vsantos@example.net,Apparel,Denim Jacket,7,156.83,1097.81,06/11/26,Finleyfort,U.S.A,Debit Card
100081,Amber Flynn,michael62@example.org,Beauty,Sunscreen SPF50,7,145.12,1015.84,14/10/25,East Gregory,NA,Net Banking
100082,Janet Vega,jdurham@example.org,Electronics,Webcam HD,5,195.06,975.3,24/08/25,Stevetown,U.S.A,Cash On Delivery
100083,Julie Roberts,charleslandry@example.net,Apparel,Cotton T-Shirt,1,80.69,80.69,27/04/25,Vaughnmouth,United Kingdom,Debit Card
100084,Christina Cruz,yrodriguez@example.net,Beauty,Shampoo 500ml,6,135.06,810.36,06/10/25,Victoriaport,England,Debit Card
100085,Ronald Foster,NA,Beauty,Face Moisturizer,4,215.73,862.92,09/02/26,Wallport,Australia,Upi
100086,Crystal Pham,NA,Home & Kitchen,Cutting Board,6,169.84,1019.04,27/03/26,Lake Colton,Canada,Credit Card
100088,Richard Walter,alyssa42@example.com,Electronics,Bluetooth Speaker,2,28.81,57.62,21/07/26,Coffeyport,NA,Cash On Delivery
100089,Gina Wilson,taylortammy@example.net,Beauty,Hair Dryer,3,221.93,665.79,03/04/26,Coffeyside,Australia,Cash On Delivery
100090,Richard Smith,gibsonemily@example.net,Apparel,Wool Sweater,4,214.59,858.36,31/03/25,Carsonstad,Australia,Credit Card
100092,Tracy Torres,pwilson@example.net,Apparel,Baseball Cap,4,85.5,342,29/12/24,Watsonside,India,Credit Card
100093,Patrick Moore,fpena@example.net,Home & Kitchen,Ceramic Mug Set,1,37.29,37.29,16/07/25,Antoniostad,Australia,Debit Card
100094,Jeremy Young,cory58@example.net,Apparel,Wool Sweater,2,121.68,243.36,06/10/25,Hillville,Australia,Net Banking
100095,Samantha Davis,darleneharper@example.org,Sports,Water Bottle 1L,1,19.9,19.9,27/10/24,Johnberg,Canada,Cash On Delivery
100097,Scott Thomas,amberlindsey@example.org,Beauty,Hair Dryer,2,199.31,398.62,17/01/26,East Alexisbury,U.S.A,Debit Card
100098,Alexis Baker,NA,Beauty,Sunscreen SPF50,6,109.56,657.36,06/11/24,Stricklandhaven,U.S.A,Credit Card
100099,Jodi Walker,acostaregina@example.net,Beauty,Face Moisturizer,6,203.88,1223.28,10/07/25,Schneidertown,Australia,Debit Card
100101,Marcus Richards,oscar98@example.com,Sports,Water Bottle 1L,5,145.65,728.25,18/08/25,Garciaville,Australia,Net Banking
100103,Erik Scott,gloriawells@example.org,Electronics,Wireless Mouse,4,97.17,388.68,22/05/26,South Colinstad,United Kingdom,Net Banking
100104,Kristie Willis,elizabeth65@example.net,Electronics,Wireless Mouse,1,170.12,170.12,08/09/26,Parrishton,Canada,Cash On Delivery
100105,Lindsay Bell,ericolson@example.org,Electronics,Bluetooth Speaker,5,171.16,855.8,06/03/25,Dannyview,NA,NA
100106,Renee Bruce,lynchdiane@example.net,Electronics,USB-C Cable,4,193,772,04/04/25,West Jacqueline,United Kingdom,Cash On Delivery
100107,Gerald Smith,ashleymorales@example.org,Apparel,Denim Jacket,4,127.56,510.24,16/03/26,North Julieborough,India,Credit Card
100108,Jesse Moore,jennifer99@example.org,Electronics,Bluetooth Speaker,7,178.83,1251.81,28/06/26,East Karen,Canada,Net Banking
100109,Brad Ramos,ctucker@example.com,Home & Kitchen,Non-Stick Pan,2,64.61,129.22,04/08/25,West Russellport,India,Credit Card
100111,Donna Wilson,lburgess@example.org,Apparel,Denim Jacket,2,48.4,96.8,25/06/25,New Angelica,Canada,Net Banking
100112,,grahamsteve@example.org,Sports,Water Bottle 1L,6,41.98,251.88,13/06/26,Berrychester,United Kingdom,Credit Card
100114,James Miller,julie35@example.org,Beauty,Hair Dryer,6,153.23,919.38,15/11/24,New Williamstad,Canada,NA
100115,,joelthomas@example.org,Sports,Resistance Bands,5,247.79,1238.95,25/01/25,Port Katherine,U.S.A,Upi
100116,Trevor Burton,wwebster@example.net,Sports,Yoga Mat,6,21.15,126.9,15/08/25,Michellemouth,United Kingdom,Net Banking
100117,Barry Ramos,laura90@example.com,Home & Kitchen,Non-Stick Pan,3,229.6,688.8,26/09/25,Steventon,U.S.A,Net Banking
100119,Erica Alvarez,susanhayes@example.com,Apparel,Denim Jacket,3,23.91,71.73,09/09/26,New Debbieton,Australia,Credit Card
100120,Jeffrey Gonzales,michaelhardin@example.com,Home & Kitchen,Cutting Board,7,42.79,299.53,16/07/25,Erikaton,U.S.A,Debit Card
100121,Maria Jones,grantpaul@example.com,Apparel,Wool Sweater,8,62.33,498.64,03/04/26,West Christopher,U.S.A,Upi
100122,Sydney Collins,tanderson@example.org,Home & Kitchen,Throw Pillow,7,241.74,1692.18,05/05/25,Schneidermouth,U.S.A,Upi
100123,Meagan Calderon,lucasrodney@example.com,Sports,Yoga Mat,2,74.84,149.68,04/10/24,Henryborough,Canada,Upi
100124,Ralph Lee,NA,Apparel,Wool Sweater,1,106.65,106.65,27/09/25,Lake Matthewberg,U.S.A,Credit Card
100125,Brittany White,jenniferwilliams@example.com,Electronics,Bluetooth Speaker,3,14.38,43.14,28/01/26,South Cheryl,U.S.A,NA
100126,Rachel Young,NA,Home & Kitchen,Ceramic Mug Set,7,32.24,225.68,13/07/26,West Erika,India,Cash On Delivery
100127,Jessica Hammond,ashaw@example.org,Beauty,Face Moisturizer,8,151.2,1209.6,05/11/26,Port John,Australia,Credit Card
100128,Shelly Spencer,dawsonzachary@example.org,Home & Kitchen,Ceramic Mug Set,3,167.77,503.31,17/04/25,West Shannon,India,Cash On Delivery
100129,Sandra Davis,lisawilkerson@example.org,Home & Kitchen,LED Desk Lamp,6,198.19,1189.14,21/07/25,Shawbury,Australia,NA
100130,Brad Walker,sarah52@example.org,Home & Kitchen,Ceramic Mug Set,8,245.3,1962.4,18/10/24,Hortonberg,U.S.A,Credit Card
100132,Bryan Allen,fbrown@example.net,Apparel,Running Shoes,1,217.12,217.12,17/10/25,Lake Douglas,England,Upi
100133,Lucas Allen,qlopez@example.org,Apparel,Wool Sweater,6,231.46,1388.76,10/08/25,Carloshaven,NA,Credit Card
100134,Rachel Romero,myerstheodore@example.net,Home & Kitchen,LED Desk Lamp,6,166.93,1001.58,30/06/25,Jontown,NA,Credit Card
100136,Melinda Pollard,zwelch@example.org,Beauty,Face Moisturizer,4,195.74,782.96,11/06/24,Johnsonborough,Australia,NA
100137,Curtis Williams,zachary87@example.com,Beauty,Face Moisturizer,6,102.52,615.12,17/10/24,West Michael,India,Upi
100138,Sharon Rivera,lloydsamuel@example.com,Electronics,Bluetooth Speaker,8,57.57,460.56,18/03/26,Morganburgh,U.S.A,Credit Card
100140,Garrett Phillips,bmorrison@example.org,Apparel,Running Shoes,2,246.36,492.72,02/07/26,Sergiostad,NA,Upi
100141,Jessica Fowler,jonesdana@example.com,Apparel,Baseball Cap,2,80.78,161.56,10/01/25,North Douglas,Australia,Credit Card
100142,Rachael Johnson,youngdeanna@example.com,Home & Kitchen,Non-Stick Pan,6,36.44,218.64,27/06/25,New Ericmouth,Australia,Net Banking
100143,Jacqueline Hines,alyssasanders@example.net,Electronics,Webcam HD,3,44.68,134.04,04/12/25,North Jillfort,United Kingdom,Cash On Delivery
100144,Susan Wilson,jane39@example.com,Home & Kitchen,Ceramic Mug Set,2,128.13,256.26,02/10/26,Gonzalezberg,U.S.A,Net Banking
100145,Jodi Roach,zosborn@example.net,Sports,Yoga Mat,1,24.9,24.9,29/08/26,Elizabethland,United Kingdom,Cash On Delivery
100146,Donna Evans,jenniferho@example.net,Beauty,Hair Dryer,5,123.32,616.6,26/01/25,Williamville,England,Credit Card
100148,Patricia Morrow,martinezlogan@example.org,Sports,Yoga Mat,8,35.02,280.16,15/08/25,Davidside,India,Upi
100149,Catherine Burch,NA,Beauty,Shampoo 500ml,3,204.3,612.9,04/10/25,Fredmouth,U.S.A,Upi
100150,Courtney Meza,meghan43@example.net,Beauty,Face Moisturizer,7,128.83,901.81,21/08/26,Davidport,Australia,Debit Card
100151,Anna Davidson,georgeweber@example.net,Sports,Jump Rope,1,212.56,212.56,25/05/25,Port Michelleland,England,Net Banking
100153,Dr. Michael Evans,barkereric@example.com,Home & Kitchen,LED Desk Lamp,6,189.97,1139.82,09/09/25,West Catherine,Canada,Credit Card
100154,Nathan Gross,theresa25@example.net,Home & Kitchen,Throw Pillow,3,153.53,460.59,05/11/25,NA,Australia,Net Banking
100155,David Davis,sonia96@example.org,Sports,Water Bottle 1L,8,178.64,1429.12,25/08/26,Port Mark,United Kingdom,Net Banking
100157,Tracy Lewis,brandon47@example.net,Apparel,Cotton T-Shirt,2,51.74,103.48,27/06/26,Mitchelltown,U.S.A,Cash On Delivery
100158,Jessica Khan,kathryn50@example.com,Beauty,Face Moisturizer,4,142.42,569.68,28/10/24,West Angela,Australia,NA
100159,Jonathan Duran,marcia99@example.org,Sports,Water Bottle 1L,5,154.47,772.35,24/12/24,South Nathanielmouth,United Kingdom,Debit Card
100161,Larry Robertson,sarah52@example.com,Apparel,Running Shoes,2,89.86,179.72,15/09/26,Brittneyhaven,Canada,Net Banking
100162,Kim Erickson,thomas05@example.com,Sports,Water Bottle 1L,4,64.4,257.6,26/01/26,Silvatown,U.S.A,Upi
100163,Deborah Rios,jennifersilva@example.org,Beauty,Face Moisturizer,3,6.27,18.81,10/09/25,Hernandezbury,Canada,Upi
100164,Travis Rodriguez,alexanderrobert@example.com,Apparel,Running Shoes,1,227.44,227.44,02/07/26,Shawfort,U.S.A,Credit Card
100165,Nancy Brown,aprilhoffman@example.net,Beauty,Shampoo 500ml,1,249.31,249.31,09/05/25,Edwardsburgh,U.S.A,Net Banking
100166,Joseph Payne,chelsea33@example.com,Electronics,Bluetooth Speaker,8,222.87,1782.96,11/02/25,West Kellie,Canada,Credit Card
100168,Jennifer Reed,kellyroberts@example.net,Beauty,Hair Dryer,7,168.97,1182.79,17/11/24,Douglasfort,Canada,Upi
100169,Ronald Nelson,derrick99@example.org,Beauty,Lipstick Matte,5,147.7,738.5,17/03/25,Lake Jesse,United Kingdom,Credit Card
100170,Gary Kennedy,adampierce@example.org,Home & Kitchen,Ceramic Mug Set,5,174.12,870.6,15/07/25,Woodsborough,United Kingdom,NA
100171,Donna Mitchell,velezchristopher@example.net,Apparel,Wool Sweater,6,106.88,641.28,03/09/25,East Robertburgh,Australia,Cash On Delivery
100172,Amanda Huff,vlopez@example.com,Electronics,Webcam HD,6,24.14,144.84,23/06/26,West Ashleyville,Australia,Net Banking
100174,Jimmy Scott,alexisrogers@example.com,Apparel,Baseball Cap,1,141.91,141.91,10/11/25,East Cheryl,India,Credit Card
100175,Jennifer Patterson,christopher12@example.org,Sports,Yoga Mat,1,176.59,176.59,09/05/25,North Jose,India,Upi
100176,Paul Finley,brandi90@example.com,Apparel,Wool Sweater,7,114.89,804.23,01/11/26,North Elizabeth,NA,Net Banking
100177,Christopher Parks,hannah45@example.net,Home & Kitchen,Non-Stick Pan,7,134.57,941.99,03/01/25,South Eric,India,Cash On Delivery
100178,Lisa Perry,ztodd@example.net,Beauty,Hair Dryer,4,65.64,262.56,17/05/26,Lake Karen,U.S.A,Cash On Delivery
100179,Angela Griffin,christian91@example.org,Sports,Yoga Mat,2,29.72,59.44,19/05/26,New Amanda,India,Credit Card
100180,Scott Ramos,jenniferburns@example.net,Apparel,Cotton T-Shirt,5,62.37,311.85,08/12/25,South Davidchester,United Kingdom,Credit Card
100182,,ajohnson@example.org,Beauty,Hair Dryer,7,105.02,735.14,04/06/26,Brooksfurt,Australia,Credit Card
100183,Thomas Bennett,vegadorothy@example.net,Apparel,Wool Sweater,7,242.11,1694.77,27/12/24,Davidside,Canada,Debit Card
100184,Cameron Irwin,avilatiffany@example.com,Electronics,Laptop Stand,2,136.23,272.46,26/01/26,Patelbury,England,Credit Card
100185,Gregory Hill,johnsondonna@example.net,Sports,Dumbbell Set,4,218.02,872.08,04/03/26,East Jamieville,U.S.A,Cash On Delivery
100186,Jill Powers,sanchezbradley@example.com,Apparel,Baseball Cap,7,229.21,1604.47,11/03/25,Port Michelle,Canada,Debit Card
100187,Jonathan Roberts,barbara53@example.com,Sports,Jump Rope,8,191.6,1532.8,23/06/26,South Kevin,United Kingdom,Credit Card
100188,Travis Hobbs,conniesimmons@example.com,Electronics,Bluetooth Speaker,7,50,350,25/10/24,Shellyfurt,Canada,Cash On Delivery
100189,Emma Butler,kevinwhite@example.net,Home & Kitchen,LED Desk Lamp,8,241.79,1934.32,09/02/25,West Meredith,Canada,Credit Card
100190,Joel Brown,NA,Beauty,Shampoo 500ml,1,133.37,133.37,28/12/24,West James,India,Credit Card
100192,Kristin Mendoza,kevin03@example.org,Electronics,Wireless Mouse,5,136.26,681.3,25/08/26,Lake Yvonnefort,Canada,Credit Card
100193,Melissa Padilla,jherman@example.com,Apparel,Denim Jacket,5,204.73,1023.65,04/10/26,Owensstad,India,Credit Card
100194,Unknown,ugarcia@example.com,Home & Kitchen,Non-Stick Pan,1,27.91,27.91,31/03/26,Robinstad,Canada,Credit Card
100195,Angel Shields,allentran@example.net,Beauty,Lipstick Matte,2,224.22,448.44,18/11/25,Phillipsborough,U.S.A,Credit Card
100196,James Whitaker,rpierce@example.com,Home & Kitchen,Cutting Board,1,48.94,48.94,28/03/25,Levyfort,U.S.A,Cash On Delivery
100197,Nicholas Bell,jenniferfreeman@example.net,Electronics,Bluetooth Speaker,4,143.84,575.36,14/09/26,New Arthurland,England,Cash On Delivery
100198,Mary Duran,otaylor@example.org,Sports,Water Bottle 1L,7,61.88,433.16,11/09/24,North Jeffery,Australia,Credit Card
100199,Antonio Little,bhopkins@example.org,Home & Kitchen,Throw Pillow,6,140.49,842.94,15/10/25,NA,Australia,Debit Card
100200,Kimberly Mitchell,ldrake@example.org,Electronics,Wireless Mouse,7,179.36,1255.52,24/07/26,East James,United Kingdom,Credit Card
100201,Robin Adams,zmiller@example.com,Beauty,Lipstick Matte,2,37.46,74.92,11/08/25,West Gabriella,Australia,Credit Card
100202,Martha Garrison,davisnicholas@example.net,Sports,Yoga Mat,6,216.61,1299.66,09/03/25,Lake Georgefort,Canada,Credit Card
100203,Maria Rivera,jacobsonsamantha@example.org,Sports,Resistance Bands,3,39.02,117.06,22/02/25,Nelsonland,U.S.A,Debit Card
100204,Diana Daniels,whitemelissa@example.org,Home & Kitchen,Throw Pillow,6,66.67,400.02,24/08/26,Port Lori,Australia,Credit Card
100205,Tanya Evans,NA,Home & Kitchen,Non-Stick Pan,6,211.2,1267.2,08/07/26,Patrickberg,NA,Cash On Delivery
100206,,brian63@example.org,Apparel,Running Shoes,4,122.36,489.44,27/05/25,Novakmouth,NA,Net Banking
100207,,NA,Home & Kitchen,Throw Pillow,7,94.43,661.01,08/02/25,Millerport,Australia,Cash On Delivery
100208,Michelle Miller,normanbowers@example.org,Electronics,Laptop Stand,4,112.42,449.68,15/03/26,Michaelland,Canada,Credit Card
100209,Eric Ward,curtis12@example.com,Apparel,Wool Sweater,2,115.02,230.04,15/08/25,Garcialand,Canada,Cash On Delivery
100210,Brandon George,michelle04@example.com,Sports,Yoga Mat,6,176.9,1061.4,07/01/25,Lake Rachelbury,India,Debit Card
100211,Carolyn James,josephadams@example.org,Sports,Yoga Mat,7,241.87,1693.09,11/06/24,Hillport,India,Credit Card
100212,Mr. David Wright,mwheeler@example.com,Sports,Dumbbell Set,4,114.22,456.88,12/08/24,Adamfurt,Australia,Credit Card
100213,Manuel Brock,scott69@example.org,Beauty,Face Moisturizer,3,90.34,271.02,28/04/25,South Leon,Australia,NA
100214,Tracy Carter,yfaulkner@example.org,Home & Kitchen,Non-Stick Pan,2,10.53,21.06,17/05/25,Lisafurt,U.S.A,Debit Card
100215,Timothy Gonzalez,erinpierce@example.net,Beauty,Sunscreen SPF50,7,159.29,1115.03,24/08/25,South Lauren,Canada,Upi
100216,Andrea Abbott,ichambers@example.net,Beauty,Sunscreen SPF50,3,55.42,166.26,30/04/25,Donnachester,Australia,Debit Card
100217,Angela Ewing,NA,Apparel,Wool Sweater,8,134.29,1074.32,28/07/26,Stephensstad,Canada,Debit Card
100218,Robin Wheeler,rodriguezjohn@example.net,Sports,Resistance Bands,5,230.08,1150.4,06/07/25,New Tonyafurt,United Kingdom,Credit Card
100219,Erin Hogan,smithjonathan@example.net,Home & Kitchen,Ceramic Mug Set,7,151.12,1057.84,20/03/26,South Neil,NA,Cash On Delivery
100220,Michael Vaughn,michaeljohnson@example.org,Sports,Resistance Bands,3,50.84,152.52,24/04/25,North Marieberg,India,Credit Card
100221,Grant Mueller,gbailey@example.com,Sports,Dumbbell Set,7,172.75,1209.25,03/02/26,Floresport,Canada,Credit Card
100222,Michael Johnson,NA,Home & Kitchen,Non-Stick Pan,5,46.21,231.05,26/01/25,West Anita,Australia,Credit Card
100223,Crystal Sullivan,jacobsandoval@example.com,Sports,Water Bottle 1L,1,191.2,191.2,10/12/24,South Brittany,Canada,Credit Card
100224,Michael Harris,raylauren@example.net,Electronics,Laptop Stand,2,112.57,225.14,02/04/25,Jamesville,U.S.A,Net Banking
100225,Scott Rose,candice96@example.net,Beauty,Shampoo 500ml,4,204.31,817.24,13/12/24,Meganburgh,United Kingdom,Cash On Delivery
100226,Michele Evans,NA,Home & Kitchen,Cutting Board,2,38.22,76.44,05/02/25,West Heather,India,Credit Card
100227,Unknown,fhenderson@example.net,Apparel,Running Shoes,7,124.92,874.44,18/10/25,New Garrett,Canada,Cash On Delivery
100228,,glennstephanie@example.com,Beauty,Hair Dryer,6,116.4,698.4,29/12/24,Maynardhaven,India,Cash On Delivery
100229,Jennifer Vasquez,fburns@example.net,Electronics,Webcam HD,7,207.09,1449.63,13/10/24,West Antonio,United Kingdom,Upi
100230,Dylan Norman,hdunn@example.net,Electronics,Wireless Mouse,8,8.99,71.92,13/12/24,Amberton,Canada,Upi
100232,Xavier Rowe,jasonrojas@example.net,Apparel,Wool Sweater,2,5.27,10.54,06/04/25,Martinberg,Australia,Credit Card
100233,Robin Trujillo,amanda98@example.org,Electronics,Laptop Stand,8,50,400,15/05/25,Keithview,India,NA
100234,Kayla Mccullough,taylorkaren@example.com,Apparel,Cotton T-Shirt,1,154.53,154.53,24/07/26,Michelleberg,U.S.A,Upi
100235,Brandi Thomas,maria67@example.org,Electronics,Wireless Mouse,2,149.45,298.9,17/11/25,Courtneyfurt,United Kingdom,Cash On Delivery
100236,Mark Beard,powellkara@example.net,Apparel,Baseball Cap,5,195.85,979.25,06/08/26,Shawnfort,U.S.A,Upi
100237,,simonstephen@example.net,Electronics,USB-C Cable,2,64.07,128.14,02/12/26,Port Amandaborough,Australia,NA
100238,Samantha Simpson,maria58@example.net,Sports,Jump Rope,3,191.87,575.61,25/12/24,Kramerton,India,Credit Card
100239,Mark Copeland,martinezmia@example.com,Electronics,Laptop Stand,7,108.78,761.46,20/08/25,Harrisberg,Australia,Credit Card
100241,Michael Young,padillaaaron@example.com,Electronics,Laptop Stand,1,80.78,80.78,16/11/24,New Erin,India,NA
100242,Michael Montoya,ebenson@example.org,Home & Kitchen,Cutting Board,5,45.91,229.55,07/03/25,Lake Lindaville,India,Net Banking
100243,Stanley Taylor,darlenebyrd@example.org,Home & Kitchen,Cutting Board,8,116.52,932.16,13/10/25,New Debramouth,Australia,Credit Card
100244,Daniel Goodman,cjensen@example.org,Electronics,USB-C Cable,1,15.79,15.79,23/11/24,East Karenshire,India,Credit Card
100245,Heather Jordan,johnnewman@example.org,Sports,Jump Rope,4,106.98,427.92,30/10/25,Kimberlytown,India,Cash On Delivery
100246,Mary Turner,juliephillips@example.org,Apparel,Denim Jacket,1,238.75,238.75,16/04/26,South Paul,United Kingdom,Credit Card
100248,Tiffany Townsend,matthewsalexander@example.org,Apparel,Denim Jacket,5,10.86,54.3,20/10/24,Port Raymondport,United Kingdom,Cash On Delivery
100250,Christina Morton,peter14@example.net,Beauty,Lipstick Matte,2,147.29,294.58,08/06/25,North John,India,Credit Card
100251,Audrey Salazar,parkerjudith@example.net,Home & Kitchen,LED Desk Lamp,7,176.68,1236.76,27/01/25,Lake Derricktown,Canada,Credit Card
100252,Troy Mills,NA,Sports,Yoga Mat,3,115.14,345.42,30/06/26,West Lindsayview,Australia,Debit Card
100253,Deborah Proctor,crawfordwilliam@example.org,Home & Kitchen,Non-Stick Pan,5,207.46,1037.3,21/09/25,West Eric,U.S.A,Cash On Delivery
100254,Stephanie Craig,perezwilliam@example.org,Home & Kitchen,Throw Pillow,5,68.74,343.7,06/10/26,East Brandonstad,Canada,Credit Card
100255,Chris Velazquez,tranrobin@example.net,Electronics,USB-C Cable,1,208.44,208.44,13/01/26,West John,U.S.A,Cash On Delivery
100256,Erica Mckenzie,david02@example.org,Sports,Dumbbell Set,2,10.34,20.68,05/01/26,South Caseymouth,NA,Debit Card
100257,Patricia Collins,tranalan@example.org,Electronics,Laptop Stand,7,206.31,1444.17,22/04/25,Jodibury,Canada,Credit Card
100258,Kevin Snyder,jessicapayne@example.org,Home & Kitchen,Throw Pillow,1,155.46,155.46,09/01/25,Johnsonside,Canada,Credit Card
100259,Ryan Wiley,aaron64@example.org,Beauty,Shampoo 500ml,4,159.53,638.12,17/02/25,South Travis,Canada,Upi
100260,Zachary Dawson,williamsjesse@example.net,Sports,Dumbbell Set,5,49.05,245.25,19/07/25,Stephenland,India,Upi
100261,Kathy Walsh,kjones@example.org,Home & Kitchen,Cutting Board,3,29.53,88.59,04/08/25,East Kelly,Australia,Credit Card
100263,Brian Cole,NA,Apparel,Baseball Cap,8,137.82,1102.56,17/08/25,Bakerville,India,Credit Card
100264,Robert Torres,lewismelissa@example.org,Sports,Jump Rope,3,202.58,607.74,26/11/24,West Randy,United Kingdom,Net Banking
100265,Edwin Wilkins,anthonysullivan@example.com,Electronics,Webcam HD,2,96.53,193.06,11/01/25,North Steven,Australia,Credit Card
100266,Brenda Smith,davidcolon@example.com,Beauty,Lipstick Matte,6,59.69,358.14,02/04/26,New Brendaland,Canada,Credit Card
100267,Austin Orr,flamb@example.com,Sports,Jump Rope,1,49.61,49.61,19/12/24,Williamsshire,U.S.A,Upi
100270,Stephen Fox,mayokimberly@example.com,Sports,Jump Rope,8,198.24,1585.92,09/06/25,Coopershire,U.S.A,Credit Card
100271,Jasmine White,carla04@example.org,Electronics,Bluetooth Speaker,2,23.18,46.36,05/05/26,Morenoshire,U.S.A,Credit Card
100273,Kevin Drake,NA,Apparel,Wool Sweater,5,166.85,834.25,11/06/25,Port Vanessa,India,Credit Card
100274,Katherine Parker,djohnson@example.org,Home & Kitchen,Non-Stick Pan,5,206.85,1034.25,12/04/25,New Timothymouth,U.S.A,Credit Card
100275,Christina Anderson,samantharichard@example.com,Home & Kitchen,Non-Stick Pan,2,80.55,161.1,11/03/24,New Janet,United Kingdom,Debit Card
100276,Brian Fox,susan56@example.net,Home & Kitchen,Ceramic Mug Set,5,112.74,563.7,03/12/24,NA,Australia,Cash On Delivery
100277,Jessica Fowler,lbanks@example.net,Electronics,Wireless Mouse,7,242.82,1699.74,30/08/26,Jeffreyshire,India,Net Banking
100278,Jamie Gross,david09@example.com,Beauty,Hair Dryer,8,78.22,625.76,06/04/26,East Carriebury,Australia,Cash On Delivery
100279,Ashley Crawford,julie35@example.com,Apparel,Cotton T-Shirt,8,47.36,378.88,21/01/25,Port Jennamouth,NA,Credit Card
100280,Derek Wright,bellkristin@example.net,Beauty,Shampoo 500ml,3,209.36,628.08,21/09/24,Kimchester,India,Debit Card
100281,Stacey Snyder,ybell@example.org,Beauty,Face Moisturizer,7,32.57,227.99,19/05/26,East Shannon,NA,Credit Card
100282,Amanda Smith,stephanie15@example.org,Electronics,Bluetooth Speaker,6,220.08,1320.48,07/02/26,Lake Charles,Australia,Upi
100283,Vanessa Morgan,bbush@example.net,Sports,Dumbbell Set,7,14.5,101.5,19/01/25,Mooreville,U.S.A,Debit Card
100284,William Ortiz,donna43@example.org,Home & Kitchen,LED Desk Lamp,1,215.27,215.27,27/10/24,Hernandezstad,U.S.A,Debit Card
100286,Elizabeth Sanders,qjacobson@example.org,Electronics,Bluetooth Speaker,7,38.23,267.61,01/03/26,Lopezfurt,India,Credit Card
100287,Jeremy Baker,rbaker@example.net,Apparel,Cotton T-Shirt,6,177.64,1065.84,11/05/24,NA,Australia,Credit Card
100289,Blake Orr,shawrachel@example.net,Home & Kitchen,Non-Stick Pan,3,214.19,642.57,29/01/26,North Stacy,U.S.A,Upi
100290,Travis Jackson,lindseymartinez@example.com,Electronics,Wireless Mouse,3,163.61,490.83,17/11/24,Harrisberg,U.S.A,Cash On Delivery
100292,Lisa Mills,jrodriguez@example.org,Home & Kitchen,Cutting Board,5,78.13,390.65,11/09/25,North Annaville,United Kingdom,Debit Card
100293,Sharon Beard,pbaker@example.com,Home & Kitchen,Ceramic Mug Set,4,225.42,901.68,13/11/25,Johnsonview,Canada,Credit Card
100294,Luke Becker,vwilliams@example.net,Beauty,Lipstick Matte,7,104.13,728.91,13/03/25,Mccallstad,Australia,Cash On Delivery
100295,Robert Turner,NA,Beauty,Lipstick Matte,3,210.96,632.88,28/04/25,Schroedermouth,United Kingdom,Cash On Delivery
100296,Jason Brewer,scottmcintyre@example.com,Apparel,Running Shoes,4,92.04,368.16,16/03/26,Lorihaven,Canada,Upi
100297,Ana Mckinney,htaylor@example.net,Beauty,Face Moisturizer,2,120.69,241.38,10/12/24,Port James,Canada,Credit Card
100298,Andrew Williams,NA,Apparel,Denim Jacket,8,40.09,320.72,25/09/25,Lake Anthonystad,India,Debit Card
100299,Jeremy Horne MD,max41@example.com,Electronics,Wireless Mouse,4,191.49,765.96,10/11/24,East Melissaborough,Canada,Upi
100300,Maria Byrd,denise80@example.net,Beauty,Sunscreen SPF50,8,98.91,791.28,27/09/24,Lake Glen,United Kingdom,Net Banking
100301,Courtney Franklin,jennifer46@example.com,Electronics,Wireless Mouse,4,60.44,241.76,05/06/26,Kingmouth,U.S.A,Credit Card
100302,Joseph Hanson,smithyvonne@example.com,Electronics,Bluetooth Speaker,8,183.32,1466.56,05/11/25,Kennethville,Canada,Upi
100304,,jenniferrios@example.com,Electronics,Laptop Stand,5,193.96,969.8,29/03/25,Sullivanton,India,Cash On Delivery
100305,,jessica38@example.net,Beauty,Sunscreen SPF50,5,121.23,606.15,17/04/26,Williamburgh,England,Debit Card
100306,Sherri White,ruizjoyce@example.net,Sports,Resistance Bands,2,130.34,260.68,04/05/26,Lake Rachel,India,Cash On Delivery
100307,Courtney Walker,robert55@example.com,Sports,Resistance Bands,7,77.36,541.52,23/11/25,Yorkfort,U.S.A,Cash On Delivery
100308,Mark Carpenter,kennedyjames@example.org,Electronics,Webcam HD,3,237.61,712.83,17/06/26,Morenochester,India,Debit Card
100309,Scott Taylor,matthewbenitez@example.com,Beauty,Face Moisturizer,3,219.16,657.48,03/01/25,Port Christopher,England,Cash On Delivery
100310,William Edwards,smithjoshua@example.org,Electronics,USB-C Cable,3,85.52,256.56,16/11/25,South Kristen,NA,Credit Card
100311,Beverly Hamilton,epowell@example.com,Beauty,Sunscreen SPF50,7,174.03,1218.21,24/09/24,Lake Nathan,U.S.A,Cash On Delivery
100312,Frank Whitaker,andrewsmith@example.net,Apparel,Cotton T-Shirt,8,201.55,1612.4,21/03/25,Larryville,Australia,Cash On Delivery
100313,Kevin Jackson,evanskelly@example.net,Beauty,Sunscreen SPF50,7,112.97,790.79,06/10/25,Ryanberg,India,Debit Card
100314,Steven Howard,frederickmeadows@example.com,Sports,Dumbbell Set,4,123.07,492.28,10/04/24,Lake Traci,U.S.A,NA
100315,Alex Wagner,richardsondebra@example.org,Apparel,Baseball Cap,8,218.01,1744.08,22/06/25,Kelseyton,United Kingdom,Net Banking
100316,Amber Rodriguez,williamsdarrell@example.com,Sports,Jump Rope,4,50,200,25/06/25,Thomasberg,Canada,Credit Card
100317,Michael Smith,qstanley@example.net,Electronics,Wireless Mouse,1,141.5,141.5,04/06/25,South Maria,Australia,Net Banking
100319,Jason Martin,NA,Electronics,Wireless Mouse,4,5.54,22.16,20/05/25,North Emilyville,Australia,Credit Card
100320,,chancharles@example.net,Apparel,Wool Sweater,4,50.95,203.8,12/04/24,Dawnmouth,U.S.A,NA
100321,Elizabeth Marshall MD,morganphelps@example.com,Beauty,Face Moisturizer,2,194.18,388.36,29/04/26,Ronaldville,Australia,Cash On Delivery
100322,Peter Williams,elizabethjackson@example.com,Sports,Jump Rope,8,231.47,1851.76,07/06/26,Natalieland,Australia,Upi
100323,Grant Wilson,rrivers@example.com,Sports,Dumbbell Set,7,107.57,752.99,02/07/26,Marshburgh,England,Upi
100324,Michael Brown,dalepruitt@example.com,Apparel,Wool Sweater,5,211.55,1057.75,30/04/26,Whitefurt,Australia,Credit Card
100325,Lisa Huffman,timothyfreeman@example.com,Home & Kitchen,LED Desk Lamp,3,245.43,736.29,08/09/25,West Dianatown,Australia,Credit Card
100326,Megan Saunders,tiffanysantiago@example.com,Sports,Jump Rope,7,170.19,1191.33,10/05/25,South Dorothybury,NA,Credit Card
100327,Mr. Martin Hernandez,smithsarah@example.net,Apparel,Cotton T-Shirt,4,70.41,281.64,03/06/26,Boothland,United Kingdom,Debit Card
100328,Erica Rivera,brent38@example.net,Sports,Yoga Mat,8,30.11,240.88,24/06/25,North Stephen,U.S.A,Cash On Delivery
100329,Joan Gates,fstewart@example.net,Electronics,Laptop Stand,6,241.63,1449.78,11/01/26,South Robertside,U.S.A,Upi
100330,Samantha Conner,pamela83@example.net,Home & Kitchen,Cutting Board,4,195.16,780.64,24/01/26,Michaelton,Canada,Credit Card
100331,Sarah Rivera,xmoran@example.net,Electronics,Laptop Stand,1,141.37,141.37,17/08/25,Port Donnatown,United Kingdom,Credit Card
100332,Ronald Brandt,amy51@example.org,Apparel,Running Shoes,5,125.18,625.9,08/07/26,Taylorchester,India,Net Banking
100334,Steven Ellis,NA,Sports,Jump Rope,1,33.11,33.11,26/10/24,NA,Australia,Credit Card
100335,Priscilla Kent,NA,Home & Kitchen,Throw Pillow,2,99.54,199.08,14/01/26,Williamfurt,India,Upi
100336,Lee Schwartz,joshuastuart@example.com,Home & Kitchen,Ceramic Mug Set,2,237.31,474.62,18/08/25,East Robert,Australia,Cash On Delivery
100337,Nicole Evans,jennifer83@example.org,Beauty,Face Moisturizer,7,163.41,1143.87,21/02/25,Glendaberg,India,Credit Card
100338,Miss Tina Gordon,jennifer58@example.com,Apparel,Running Shoes,4,228.19,912.76,21/11/25,Craigside,Canada,NA
100339,Ryan Stokes,johnsondustin@example.net,Electronics,Webcam HD,1,176.72,176.72,11/01/24,Karenburgh,India,Credit Card
100340,Miss Brianna Brown,NA,Beauty,Sunscreen SPF50,1,121.13,121.13,05/09/26,New Mirandaside,Canada,NA
100341,Natalie Hoffman,williamrobles@example.net,Home & Kitchen,LED Desk Lamp,1,140.61,140.61,19/04/25,South Paulmouth,India,Net Banking
100342,Amy Manning,christinenorman@example.com,Home & Kitchen,Ceramic Mug Set,1,56.88,56.88,20/05/26,Kariside,U.S.A,NA
100343,Christina Hardy,kellythompson@example.net,Apparel,Cotton T-Shirt,1,213.59,213.59,14/11/24,Lake Willie,Canada,Credit Card
100344,Jeffrey Hawkins,eugenesingleton@example.org,Electronics,USB-C Cable,8,238.13,1905.04,20/05/25,North Eric,India,Debit Card
100345,Anthony Randolph,tracy98@example.com,Beauty,Lipstick Matte,5,174.9,874.5,13/11/24,Aliciaburgh,United Kingdom,Debit Card
100346,Rachel Moore,odavis@example.org,Apparel,Wool Sweater,6,37.9,227.4,18/01/26,Michaelborough,Canada,Net Banking
100347,Lisa Wells,wilsonmichael@example.org,Apparel,Baseball Cap,5,215.38,1076.9,14/07/26,NA,U.S.A,NA
100349,Andrew Villanueva,lukemiller@example.org,Apparel,Running Shoes,5,37.8,189,21/01/25,Lake Cameronborough,Canada,Cash On Delivery
100350,Jessica Garcia,elucas@example.net,Apparel,Baseball Cap,3,48.89,146.67,02/04/26,South Jenniferton,Canada,Cash On Delivery
100353,Michael Obrien,kathy76@example.com,Electronics,Webcam HD,4,131.51,526.04,14/05/26,South Ericbury,Canada,Credit Card
100354,,susan24@example.net,Apparel,Denim Jacket,5,56.82,284.1,01/07/26,Susantown,Australia,Upi
100355,Kristen Martinez,armstrongphillip@example.net,Electronics,Laptop Stand,8,56.62,452.96,14/08/26,Jasonstad,India,Net Banking
100356,Taylor York,eugenewalker@example.com,Apparel,Denim Jacket,1,223.25,223.25,02/10/25,Lake Lauren,United Kingdom,Net Banking
100358,Mr. Carl Rios,mitchellchad@example.org,Apparel,Baseball Cap,5,46.09,230.45,05/11/25,Murphyport,Australia,Upi
100359,Brittany Knight,susan20@example.com,Apparel,Cotton T-Shirt,5,207.5,1037.5,19/03/25,Lake Jodi,Canada,Net Banking
100361,Angela Ramirez,patriciagonzalez@example.net,Beauty,Shampoo 500ml,8,198.44,1587.52,30/06/26,Lake Charlestown,NA,Cash On Delivery
100362,Lynn Hess,nhammond@example.org,Electronics,Bluetooth Speaker,7,68.16,477.12,29/10/25,Valdezberg,Australia,Credit Card
100365,Andrew Clark,paul70@example.org,Electronics,USB-C Cable,3,29.57,88.71,07/09/26,Dakotahaven,Australia,Credit Card
100366,Denise Harmon,nicholasgray@example.net,Electronics,Wireless Mouse,8,231.84,1854.72,01/11/26,New Johnbury,United Kingdom,Cash On Delivery
100367,Heather Parrish,msparks@example.org,Beauty,Hair Dryer,5,179.34,896.7,22/09/25,South Gabriel,NA,Cash On Delivery
100368,Mason Lewis,ericguzman@example.org,Home & Kitchen,Ceramic Mug Set,3,155.72,467.16,17/01/26,NA,U.S.A,Debit Card
100369,Mr. Daniel Martin,cjohnson@example.org,Home & Kitchen,Throw Pillow,4,131.85,527.4,14/11/25,East Crystal,India,Net Banking
100371,Claire Obrien,kdillon@example.org,Home & Kitchen,LED Desk Lamp,5,219.65,1098.25,20/05/26,Port Brandi,England,Cash On Delivery
100372,Lisa Dixon,jennifercooper@example.com,Home & Kitchen,Throw Pillow,1,123.08,123.08,12/01/25,East Nicholasberg,U.S.A,Debit Card
100373,Dale Heath,mserrano@example.org,Sports,Yoga Mat,5,65.82,329.1,28/01/25,Port Amandaville,India,Net Banking
100374,Matthew Winters,princekimberly@example.net,Apparel,Denim Jacket,4,62.54,250.16,02/08/25,Woodton,U.S.A,Credit Card
100375,Jessica Mays,yclarke@example.com,Home & Kitchen,Ceramic Mug Set,2,230.45,460.9,25/11/25,South Dennisfort,Australia,Credit Card
100376,Susan Miller,ascott@example.net,Home & Kitchen,Cutting Board,5,125.25,626.25,18/03/26,New Alexandrahaven,England,Net Banking
100377,Matthew Watts,NA,Electronics,Webcam HD,8,235.22,1881.76,10/01/26,Joseside,Canada,Credit Card
100378,Jacob Hill,afischer@example.net,Beauty,Lipstick Matte,1,170.16,170.16,16/04/26,Whiteside,United Kingdom,Net Banking
100380,,lauren90@example.org,Beauty,Shampoo 500ml,4,204.48,817.92,07/02/25,NA,Australia,Cash On Delivery
100382,Victor Brown,daniellegonzales@example.org,Sports,Yoga Mat,3,19.71,59.13,06/04/26,Jameshaven,India,Debit Card
100383,,warddiana@example.org,Sports,Water Bottle 1L,7,34.7,242.9,23/11/24,Kimberlystad,U.S.A,Credit Card
100384,,mclaughlincasey@example.org,Home & Kitchen,LED Desk Lamp,8,194.81,1558.48,27/10/25,Michaelview,NA,Cash On Delivery
100385,Victor Gibson,qandrews@example.org,Apparel,Running Shoes,7,212.98,1490.86,15/07/25,New Charlesport,United Kingdom,Cash On Delivery
100386,Bruce Palmer,nancy94@example.net,Sports,Jump Rope,8,196.34,1570.72,08/10/25,NA,Australia,Credit Card
100387,Tonya Ellis,bmosley@example.com,Apparel,Running Shoes,2,56.59,113.18,14/12/24,South Cynthiabury,India,Upi
100388,Crystal Stewart,zachary04@example.org,Electronics,Wireless Mouse,3,25.66,76.98,19/04/25,Nunezmouth,United Kingdom,Debit Card
100389,Timothy Woods,NA,Apparel,Denim Jacket,3,12,36,14/08/26,South Jillian,Canada,Debit Card
100390,David Baker,jameswright@example.net,Beauty,Shampoo 500ml,3,149.75,449.25,06/08/25,North Samanthafort,Canada,Debit Card
100391,,charlesnathan@example.com,Sports,Resistance Bands,8,80.43,643.44,15/09/25,Travishaven,United Kingdom,Cash On Delivery
100392,Daniel Ray,foxrodney@example.net,Home & Kitchen,LED Desk Lamp,1,173.5,173.5,14/10/24,Phillipburgh,United Kingdom,Net Banking
100393,Bryan Holmes,hannah03@example.com,Electronics,Webcam HD,7,221.13,1547.91,19/11/25,Michaelview,U.S.A,Credit Card
100394,Dennis Adams,michael76@example.org,Apparel,Baseball Cap,5,74.75,373.75,24/07/25,Michaelfurt,Canada,Debit Card
100395,Christopher Anderson,lisale@example.org,Beauty,Hair Dryer,8,51.01,408.08,31/10/25,Gonzalezberg,Australia,Credit Card
100396,Adam Fisher,wendyatkinson@example.net,Home & Kitchen,Ceramic Mug Set,1,62.04,62.04,16/10/25,Kristenport,U.S.A,Upi
100397,Scott Williams,vaughnbrian@example.com,Beauty,Face Moisturizer,3,18.73,56.19,09/04/25,South Julieview,Australia,Debit Card
100398,Justin Frederick,maurice61@example.com,Electronics,Wireless Mouse,4,99.28,397.12,17/06/26,New Barbara,NA,Net Banking
100399,Carrie Deleon,mark87@example.net,Apparel,Wool Sweater,5,234.37,1171.85,13/08/25,South Christinamouth,Australia,Upi
100402,Beth Young,shelby13@example.org,Electronics,Webcam HD,1,19.64,19.64,07/08/25,North Sharonfort,India,Net Banking
100403,Allison Sanders,garciachristine@example.org,Home & Kitchen,Throw Pillow,1,173.87,173.87,01/12/26,Parkerbury,United Kingdom,Debit Card
100404,Jessica Martinez,anthonyalvarado@example.com,Beauty,Shampoo 500ml,6,84.3,505.8,14/06/26,Proctorside,Australia,Credit Card
100405,Kimberly Taylor,brittanybryant@example.net,Home & Kitchen,LED Desk Lamp,8,5.18,41.44,29/12/25,Millsside,U.S.A,Net Banking
100406,Gregory Fernandez,ramosmichael@example.com,Home & Kitchen,Non-Stick Pan,7,51.52,360.64,01/12/25,North Alexandraberg,NA,Upi
100407,John Smith,earroyo@example.com,Home & Kitchen,Non-Stick Pan,2,15.73,31.46,27/09/24,Yatesbury,India,Credit Card
100409,Jay Allen,justin84@example.com,Apparel,Wool Sweater,2,119.67,239.34,05/02/25,East Derrickville,Australia,Debit Card
100410,Lisa Nelson,blopez@example.org,Sports,Water Bottle 1L,2,209.44,418.88,27/10/24,East Teresaport,NA,Credit Card
100411,Mike Acosta,christophersmith@example.org,Beauty,Shampoo 500ml,4,144.66,578.64,28/05/25,Kristifort,Australia,NA
100412,Mrs. Raven Rivera DVM,brianrowe@example.org,Beauty,Sunscreen SPF50,3,199.15,597.45,23/10/25,East Paula,United Kingdom,Debit Card
100413,James Smith,paulproctor@example.org,Sports,Water Bottle 1L,7,192.23,1345.61,14/03/26,East Stevenville,Australia,Cash On Delivery
100414,Vickie Kennedy,sharon20@example.net,Home & Kitchen,LED Desk Lamp,8,240.16,1921.28,08/07/26,West Timothyport,United Kingdom,Debit Card
100415,Stephen Boyer,teresayoung@example.com,Home & Kitchen,Ceramic Mug Set,6,10.32,61.92,16/05/25,Port Joshua,Australia,Credit Card
100416,Richard Smith,perkinshannah@example.net,Electronics,Laptop Stand,3,69.92,209.76,30/11/25,Kellibury,U.S.A,Upi
100417,Unknown,browndeanna@example.net,Apparel,Cotton T-Shirt,8,47.36,378.88,18/10/25,East Tonymouth,India,Cash On Delivery
100418,Dr. Nicole Trujillo,bquinn@example.net,Beauty,Face Moisturizer,6,90.24,541.44,24/06/25,West Rachel,India,Credit Card
100422,Erica Davidson,davisdonna@example.org,Apparel,Baseball Cap,4,64.37,257.48,24/05/26,East Morgan,United Kingdom,Upi
100423,John Garcia,hbarrett@example.net,Home & Kitchen,LED Desk Lamp,6,150.5,903,15/02/26,Brandonbury,U.S.A,Upi
100424,Andrea Conrad,dianahebert@example.org,Apparel,Wool Sweater,3,53.92,161.76,29/08/25,West Angelachester,India,Net Banking
100425,Rebecca Brown,allison14@example.org,Home & Kitchen,Non-Stick Pan,2,79.75,159.5,12/08/26,North Jessicaside,U.S.A,Net Banking
100426,Corey Sandoval,angelagrant@example.net,Home & Kitchen,Cutting Board,3,175.29,525.87,12/07/24,Emilychester,Australia,Credit Card
100427,Carol White,qwagner@example.org,Apparel,Baseball Cap,8,165.42,1323.36,16/10/25,Mahoneymouth,NA,Cash On Delivery
100428,Yesenia Kirk,bduran@example.net,Apparel,Wool Sweater,2,226.45,452.9,15/05/25,New Amy,Australia,Net Banking
100429,Joshua Garner,suzanne76@example.org,Sports,Yoga Mat,1,86.72,86.72,03/05/26,Caitlinhaven,India,Debit Card
100431,Charles Richardson,jesseshepherd@example.org,Apparel,Cotton T-Shirt,4,107.25,429,11/12/25,Lake Chris,United Kingdom,Cash On Delivery
100432,John Freeman,larsonkevin@example.net,Sports,Dumbbell Set,4,216.33,865.32,05/04/26,Millerton,U.S.A,Credit Card
100433,Felicia Hobbs,hbutler@example.org,Sports,Resistance Bands,2,50.11,100.22,21/03/26,Lake Kimberlyfurt,India,Upi
100436,Jeffrey Wolfe,timothygonzalez@example.com,Apparel,Denim Jacket,2,231.73,463.46,01/10/26,New Christina,U.S.A,Upi
100437,Danielle Jones,kmorris@example.org,Beauty,Lipstick Matte,4,109.75,439,12/12/24,NA,Canada,Cash On Delivery
100438,Gregory Rios,gary59@example.com,Sports,Dumbbell Set,1,132.56,132.56,20/12/25,Williamsbury,U.S.A,Credit Card
100439,James Todd,rodriguezbrian@example.net,Beauty,Hair Dryer,1,51.51,51.51,30/07/26,Alexanderville,NA,Debit Card
100440,John Rivera,jamesmills@example.com,Electronics,Webcam HD,8,208.32,1666.56,27/10/25,Lake Holly,India,Cash On Delivery
100441,Kevin Alvarado,scottbrian@example.org,Apparel,Wool Sweater,8,11.1,88.8,20/04/26,Briantown,Canada,Cash On Delivery
100442,Matthew Alvarado,michelle04@example.net,Apparel,Cotton T-Shirt,8,160.35,1282.8,30/06/25,Romeroville,Australia,Upi
100443,Kari Harper,lopezvincent@example.com,Apparel,Running Shoes,3,44.72,134.16,11/04/25,North Johnhaven,NA,Upi
100444,John Garner,reedmichael@example.net,Apparel,Cotton T-Shirt,4,50,200,30/04/25,Lisaview,Canada,Credit Card
100445,Stefanie Briggs,NA,Beauty,Shampoo 500ml,8,116.17,929.36,01/09/25,Sandovalland,Australia,Net Banking
100447,Charles Weaver,michelleparker@example.net,Home & Kitchen,Non-Stick Pan,5,248.47,1242.35,09/07/26,South Wendy,Australia,Cash On Delivery
100448,Brianna Fitzpatrick,lonniegrant@example.net,Apparel,Wool Sweater,6,233.21,1399.26,16/12/24,Maryberg,United Kingdom,Cash On Delivery
100449,Pamela Beard,tali@example.com,Sports,Yoga Mat,3,34.9,104.7,20/03/26,NA,Australia,Net Banking
100451,Ryan Harrison,jack67@example.com,Home & Kitchen,Ceramic Mug Set,8,132.33,1058.64,30/12/24,East Antonio,U.S.A,Debit Card
100453,Katherine Nguyen,bclay@example.com,Apparel,Cotton T-Shirt,5,67.33,336.65,11/04/26,Cortezfurt,Australia,Cash On Delivery
100454,Natalie Wheeler,meyershannon@example.org,Home & Kitchen,Throw Pillow,1,208.85,208.85,24/06/26,New Amanda,Canada,Upi
100455,Mrs. Jasmine Hubbard,leescott@example.com,Beauty,Hair Dryer,8,197.08,1576.64,04/09/26,Stevenchester,Australia,Net Banking
100456,,stevenlucas@example.org,Electronics,USB-C Cable,6,200.89,1205.34,03/03/26,East Kimberlyside,India,Credit Card
100457,Jason Hayes,shawnmosley@example.org,Beauty,Hair Dryer,7,50.91,356.37,28/06/26,West Marioburgh,United Kingdom,Credit Card
100458,Becky Wilson,fwalters@example.net,Apparel,Running Shoes,5,57.95,289.75,20/02/26,South Andrea,United Kingdom,Upi
100459,Christopher Rogers,fernandothomas@example.net,Electronics,Laptop Stand,3,51.6,154.8,28/10/24,Kylemouth,United Kingdom,Credit Card
100460,Christopher Roach,adamcannon@example.org,Apparel,Denim Jacket,8,99.96,799.68,22/08/25,Stephenstown,India,Net Banking
100461,Katherine Robinson,cchavez@example.org,Home & Kitchen,Throw Pillow,2,132.54,265.08,04/12/25,East Nicoleview,India,Credit Card
100462,Kristin Bryan,lopezbrian@example.com,Home & Kitchen,LED Desk Lamp,8,169.43,1355.44,17/10/24,Lake Belindaport,United Kingdom,Net Banking
100463,Brandon Rodriguez,evanmitchell@example.net,Sports,Yoga Mat,6,139.59,837.54,08/02/26,South Kara,Australia,Debit Card
100464,Andrew Mack,miguel61@example.com,Home & Kitchen,Cutting Board,3,12.1,36.3,30/05/26,West Thomasville,NA,Upi
100465,,heathersalazar@example.org,Apparel,Baseball Cap,8,156,1248,11/12/25,South Jenniferport,Australia,Upi
100466,Unknown,sara99@example.com,Apparel,Cotton T-Shirt,8,28.83,230.64,10/05/25,Vasquezburgh,Canada,Net Banking
100468,Angel Bailey,alexharris@example.com,Beauty,Sunscreen SPF50,5,193.15,965.75,25/03/25,West Kevinside,Australia,Credit Card
100470,Karen Wells,brewertimothy@example.net,Electronics,Bluetooth Speaker,7,197.16,1380.12,23/08/25,Stevenchester,Australia,Cash On Delivery
100471,Amy Meyer,angela03@example.net,Electronics,Webcam HD,1,150.08,150.08,02/04/26,Carlberg,India,Upi
100472,Andre Terrell,ashleyprice@example.net,Sports,Yoga Mat,7,85.22,596.54,15/12/24,Janetmouth,India,Cash On Delivery
100473,Denise Miller,nathangallegos@example.com,Electronics,USB-C Cable,8,135.16,1081.28,25/02/25,Gregorystad,Canada,Debit Card
100475,Dr. Eric Murphy,shortsharon@example.net,Electronics,Bluetooth Speaker,1,5.21,5.21,16/09/26,Lake Benjamin,India,Cash On Delivery
100476,Unknown,sarah91@example.com,Beauty,Lipstick Matte,7,98.48,689.36,28/08/25,North Abigailport,Canada,Upi
100477,Peter Fowler,manuellee@example.com,Beauty,Shampoo 500ml,3,37.9,113.7,15/10/25,Lambertview,U.S.A,Credit Card
100478,Donald Smith,clarkmichael@example.com,Apparel,Wool Sweater,7,157.7,1103.9,04/07/25,Audreyburgh,Australia,Upi
100479,Louis Morgan,bwilliams@example.com,Electronics,Webcam HD,4,179.47,717.88,13/07/26,North Patrickland,Australia,Credit Card
100480,Christopher Carlson,tjensen@example.com,Beauty,Lipstick Matte,8,240.63,1925.04,05/11/26,Port Kathyshire,England,Net Banking
100481,Robert Gillespie,tdavis@example.net,Apparel,Wool Sweater,2,172.6,345.2,01/05/26,Ruizbury,United Kingdom,NA
100483,Christopher Tate,williamsullivan@example.net,Sports,Water Bottle 1L,8,146.64,1173.12,26/04/26,Angelaland,Australia,Credit Card
100484,Kim Morales,pallen@example.net,Sports,Yoga Mat,5,66.75,333.75,15/01/25,Reyesmouth,United Kingdom,Net Banking
100485,Michael Reynolds,vbradley@example.net,Beauty,Lipstick Matte,5,196.72,983.6,02/10/26,Lake Elizabeth,Australia,NA
100486,Michelle Copeland,vargassteven@example.net,Apparel,Wool Sweater,7,193.74,1356.18,12/01/24,Thompsonfurt,U.S.A,Credit Card
100487,Brian Cervantes,pmurphy@example.net,Home & Kitchen,Non-Stick Pan,8,102.69,821.52,11/04/24,Port Dominic,U.S.A,Debit Card
100488,,donnachavez@example.com,Sports,Jump Rope,5,98.59,492.95,07/03/25,NA,India,Upi
100491,Kevin Garrett,bsullivan@example.net,Home & Kitchen,Ceramic Mug Set,2,18.94,37.88,22/02/25,South Don,Australia,Credit Card
100493,Vanessa Taylor,dawnperry@example.com,Beauty,Lipstick Matte,2,72.94,145.88,07/06/26,Hansonmouth,United Kingdom,Debit Card
100494,Kristen Cole,jeremiah69@example.org,Beauty,Face Moisturizer,4,154.52,618.08,17/11/25,Lake Walter,India,Net Banking
100495,Joshua Richardson,carrolljanet@example.org,Electronics,Laptop Stand,2,13.54,27.08,19/11/25,East Jessicahaven,Canada,Cash On Delivery
100496,Dr. Peggy Marshall,millschelsea@example.org,Electronics,Laptop Stand,6,226.63,1359.78,09/01/25,NA,Canada,Cash On Delivery
100497,Anthony Cooper,harrisonwilliam@example.com,Sports,Resistance Bands,5,34.69,173.45,14/11/25,Robertport,United Kingdom,Cash On Delivery
100499,Rhonda Weber MD,martinezchase@example.com,Home & Kitchen,Throw Pillow,6,124.19,745.14,24/03/25,Joshuaview,U.S.A,Credit Card
100500,Brian Thompson,donnawood@example.org,Apparel,Wool Sweater,5,127.42,637.1,30/03/25,South Henry,India,Cash On Delivery
100501,Amanda Riggs,caitlinunderwood@example.com,Beauty,Face Moisturizer,8,235.32,1882.56,25/03/26,Townsendbury,U.S.A,Credit Card
100504,Ethan Moreno,davisamanda@example.com,Beauty,Lipstick Matte,7,84.44,591.08,20/08/26,Bishopview,Australia,Credit Card
100505,Derek Garcia,rmurray@example.net,Sports,Resistance Bands,2,72.1,144.2,16/03/25,New Matthew,United Kingdom,Credit Card
100506,Catherine Kelley,deckeralexander@example.org,Electronics,Webcam HD,3,8.83,26.49,10/09/25,Bellport,India,Net Banking
100507,Andrew Harvey,NA,Beauty,Sunscreen SPF50,4,40.06,160.24,16/08/26,NA,Canada,Credit Card
100510,Deborah Alexander,mkrause@example.net,Beauty,Sunscreen SPF50,1,18.24,18.24,07/05/25,Rodriguezside,Canada,Cash On Delivery
100511,Colleen Schneider,gbaldwin@example.org,Electronics,Wireless Mouse,3,43.72,131.16,13/11/24,Kimberlytown,India,Net Banking
100512,Brittany Bowman,ortegajoseph@example.net,Home & Kitchen,Throw Pillow,6,61.37,368.22,20/05/25,Andrewshaven,NA,Upi
100513,Patricia Mendoza,xanthony@example.org,Electronics,Laptop Stand,1,223.17,223.17,20/10/25,South Stephaniefort,Canada,Cash On Delivery
100514,Joseph Frey,evelyn60@example.net,Home & Kitchen,LED Desk Lamp,3,12.86,38.58,19/09/26,NA,U.S.A,Credit Card
100515,Joe Miranda,gregorywilliams@example.com,Apparel,Running Shoes,3,146.64,439.92,16/01/26,Heatherville,NA,Credit Card
100516,Heather Miller,imoss@example.org,Beauty,Sunscreen SPF50,7,185.36,1297.52,09/02/25,South Paul,NA,Net Banking
100517,,blevy@example.org,Sports,Yoga Mat,1,14.81,14.81,27/05/25,Kristinton,NA,Cash On Delivery
100519,,sanchezdeborah@example.org,Electronics,Laptop Stand,3,177.31,531.93,24/01/25,West Loriville,India,Cash On Delivery
100520,Christopher Garza,wilsonbrooke@example.net,Apparel,Running Shoes,1,215.79,215.79,01/03/25,South Matthew,Australia,NA
100521,Nancy Morales,daughertybarbara@example.org,Sports,Dumbbell Set,4,197.98,791.92,14/05/25,Port Brandon,India,Debit Card
100523,Ryan Salazar,alexistucker@example.org,Beauty,Hair Dryer,4,189.53,758.12,26/09/24,Lake Deniseport,United Kingdom,Credit Card
100524,Robert Barton,jamiebowman@example.net,Home & Kitchen,LED Desk Lamp,2,120.19,240.38,16/08/25,East Cheryl,England,Cash On Delivery
100525,Christopher Porter,burtonkimberly@example.com,Apparel,Wool Sweater,7,225,1575,24/07/25,East David,India,Cash On Delivery
100526,Anna Cox,stevensims@example.org,Beauty,Shampoo 500ml,1,76.83,76.83,04/11/25,North Laura,U.S.A,Cash On Delivery
100528,Robert Chang,garciabrian@example.net,Sports,Dumbbell Set,8,117.21,937.68,27/01/25,South Zacharyland,U.S.A,Debit Card
100529,Mikayla Watkins,NA,Electronics,USB-C Cable,8,239.27,1914.16,17/05/25,East Joanborough,Australia,Credit Card
100530,Daniel Ruiz,bbrown@example.org,Apparel,Denim Jacket,1,248.47,248.47,26/02/25,Thompsonstad,United Kingdom,Net Banking
100531,Nathan Chen,james20@example.net,Home & Kitchen,LED Desk Lamp,8,137.27,1098.16,10/11/25,Derekmouth,India,NA
100532,Christopher Cooper,cassandra92@example.net,Home & Kitchen,Ceramic Mug Set,1,163.57,163.57,31/08/26,North Robert,Australia,NA
100533,Shannon Robinson,rhood@example.org,Home & Kitchen,Non-Stick Pan,1,39.16,39.16,08/03/26,East Mark,India,Debit Card
100535,Joseph Mendoza,chavezjohn@example.net,Electronics,Webcam HD,8,82.85,662.8,25/03/26,Dodsonberg,England,Upi
100537,Jennifer Clarke,courtney01@example.com,Home & Kitchen,Ceramic Mug Set,7,183.51,1284.57,07/06/26,Alyssaport,Australia,Debit Card
100538,Derrick Shah,kristinmiller@example.com,Sports,Water Bottle 1L,7,26.67,186.69,12/03/26,New Sierrastad,Canada,Cash On Delivery
100539,Ashley Diaz,diazgregory@example.net,Apparel,Denim Jacket,5,140.7,703.5,18/02/26,East Tina,Australia,Credit Card
100540,Brian Mendoza,karenhodges@example.com,Electronics,USB-C Cable,8,35.42,283.36,05/06/25,Wesleychester,Canada,Credit Card
100541,Arthur Reed,hmason@example.com,Electronics,Bluetooth Speaker,2,151.73,303.46,21/02/26,Shannonstad,NA,Upi
100542,Theresa Lamb,lopeznicole@example.org,Home & Kitchen,Cutting Board,1,212.09,212.09,18/11/24,West Susan,U.S.A,Debit Card
100543,Christopher Rodriguez,tylergolden@example.net,Electronics,Bluetooth Speaker,6,16.94,101.64,17/08/26,NA,Australia,NA
100544,Kara Fisher,carterbryan@example.org,Apparel,Baseball Cap,6,207.57,1245.42,24/05/26,Robertmouth,United Kingdom,Net Banking
100545,Rachel Tucker,kellis@example.org,Apparel,Cotton T-Shirt,5,96.39,481.95,09/07/26,Georgeview,U.S.A,NA
100547,Christopher Erickson,evanwilson@example.com,Beauty,Hair Dryer,6,47.19,283.14,14/11/25,Greenburgh,U.S.A,Credit Card
100548,Michael Wade,earl78@example.org,Apparel,Denim Jacket,2,109.08,218.16,16/10/25,North Richardfort,India,NA
100549,Theresa Reilly,adamrodgers@example.net,Electronics,Wireless Mouse,1,119.93,119.93,21/05/25,Thomasport,India,Cash On Delivery
100550,Nicole Mcknight,laurenchandler@example.com,Sports,Resistance Bands,4,50.27,201.08,26/05/25,Lake Timothyton,U.S.A,Credit Card
100551,Juan Parker,owilliamson@example.com,Sports,Resistance Bands,2,29.28,58.56,06/09/25,NA,Australia,Credit Card
100552,Courtney Walls,james18@example.com,Electronics,Wireless Mouse,8,94.78,758.24,28/01/26,New Prestonfort,India,Upi
100553,Larry Harding,raymond65@example.com,Sports,Resistance Bands,6,35.29,211.74,20/06/25,Michaelport,Canada,Credit Card
100554,Shelly Miller,afigueroa@example.com,Home & Kitchen,Throw Pillow,5,116.95,584.75,19/04/25,Chandlerchester,U.S.A,Upi
100555,Kevin Miller,kevinmcneil@example.net,Electronics,Laptop Stand,6,48.93,293.58,09/12/26,New Katelynland,India,Credit Card
100556,Mark Nelson,angelapage@example.org,Apparel,Wool Sweater,2,186.65,373.3,13/02/25,Robertsfort,India,Net Banking
100558,Mallory Martinez,robert73@example.org,Beauty,Hair Dryer,8,130.3,1042.4,17/12/24,Trevorland,India,Upi
100559,Heidi Castillo,ooneill@example.net,Apparel,Cotton T-Shirt,1,208.43,208.43,09/03/25,West Williamshire,U.S.A,Debit Card
100561,Eddie Fowler,palmerkatie@example.org,Sports,Yoga Mat,1,247.72,247.72,04/02/26,New Marcus,Canada,Upi
100562,Ryan Marsh,gina51@example.net,Electronics,USB-C Cable,5,221.75,1108.75,19/11/25,North Derrick,U.S.A,Credit Card
100563,Richard Jenkins,curtismoore@example.org,Beauty,Hair Dryer,8,121.6,972.8,21/05/26,South Stevenland,India,Net Banking
100564,Carlos Smith,larry52@example.com,Sports,Water Bottle 1L,5,83.52,417.6,07/03/26,Geraldport,U.S.A,Credit Card
100565,Robert Walker,haileyparker@example.org,Home & Kitchen,Throw Pillow,6,248.03,1488.18,25/12/24,South Hannahville,U.S.A,Debit Card
100566,Raymond Todd,gonzalezantonio@example.net,Electronics,Wireless Mouse,2,87.71,175.42,01/10/25,South Davidview,India,Net Banking
100567,Eric Smith,pattonsamantha@example.org,Home & Kitchen,Non-Stick Pan,1,246.51,246.51,24/11/25,East Ellen,NA,Cash On Delivery
100569,,jenniferbrandt@example.org,Apparel,Running Shoes,5,249.08,1245.4,07/12/26,Lake Coreyborough,Australia,Net Banking
100570,Sarah Wells,scottrosario@example.org,Sports,Water Bottle 1L,8,109.64,877.12,24/05/26,NA,United Kingdom,Credit Card
100571,Brian Rollins,owensapril@example.com,Beauty,Lipstick Matte,8,169.53,1356.24,04/01/26,Angelaton,Australia,Cash On Delivery
100572,Johnny Cruz,tburke@example.net,Home & Kitchen,Cutting Board,7,233.99,1637.93,09/04/26,Perezchester,Australia,Credit Card
100573,,NA,Home & Kitchen,Throw Pillow,2,160.31,320.62,16/06/25,Lake Travisville,United Kingdom,Net Banking
100574,Joseph Rhodes,thomasrichard@example.net,Beauty,Shampoo 500ml,4,11.79,47.16,05/09/26,North Michael,Canada,Cash On Delivery
100575,Curtis Anthony,NA,Apparel,Denim Jacket,1,68.31,68.31,20/09/25,Katelynfurt,U.S.A,Credit Card
100577,,greertyrone@example.org,Electronics,Webcam HD,2,132.88,265.76,09/01/26,Jacobsmouth,England,Credit Card
100579,Dennis Cooper PhD,cisnerosanthony@example.com,Electronics,Laptop Stand,2,82.54,165.08,26/06/26,South Shannonfurt,United Kingdom,Debit Card
100580,Andrew Thompson,nicole27@example.com,Sports,Yoga Mat,1,174.22,174.22,28/12/24,Freemanville,England,Debit Card
100582,Heather Levine,NA,Home & Kitchen,Ceramic Mug Set,3,229.39,688.17,25/05/26,Lisashire,India,Upi
100583,Steven Peterson,pattersonvictoria@example.com,Beauty,Lipstick Matte,2,206.98,413.96,06/04/25,East Jimmy,India,Net Banking
100585,Stephanie Adams,uchapman@example.com,Sports,Yoga Mat,4,131.51,526.04,11/11/25,Ashleyfort,NA,Upi
100586,Michael Rogers,NA,Apparel,Running Shoes,6,200.88,1205.28,15/02/25,Port Melissaborough,United Kingdom,Net Banking
100587,Anthony Davies,NA,Electronics,Wireless Mouse,4,227.18,908.72,22/08/26,New Matthewland,United Kingdom,Net Banking
100588,Kiara Simmons,laura48@example.com,Sports,Water Bottle 1L,6,46.68,280.08,08/03/25,Jamesfurt,Australia,Cash On Delivery
100589,Jose Powers,nicoleburton@example.net,Electronics,USB-C Cable,4,236.78,947.12,13/06/26,Lewismouth,England,Credit Card
100590,Mark Lamb,umichael@example.net,Apparel,Running Shoes,4,107.49,429.96,11/03/24,West Steven,India,Upi
100591,Paul Cannon,ejenkins@example.net,Home & Kitchen,Cutting Board,8,26.01,208.08,16/02/25,Adamsport,Canada,Upi
100592,Dawn Burke,jallen@example.org,Sports,Water Bottle 1L,1,17.77,17.77,10/11/24,Stevenside,United Kingdom,Net Banking
100593,Jennifer Bullock MD,derek44@example.net,Beauty,Lipstick Matte,6,37.4,224.4,28/10/25,Lake Toddtown,Australia,Net Banking
100594,Steven Edwards,michelle65@example.net,Home & Kitchen,Throw Pillow,6,179.01,1074.06,14/01/26,South Sherryberg,India,Credit Card
100595,Kenneth Mason,boydmaria@example.net,Home & Kitchen,LED Desk Lamp,5,226.18,1130.9,24/03/25,East Carolmouth,Australia,Cash On Delivery
100596,Kevin Price,selenarobinson@example.org,Apparel,Baseball Cap,8,18.04,144.32,27/01/25,Scottview,U.S.A,Upi
100597,Amy Ferguson,stewartrodney@example.net,Electronics,Laptop Stand,1,247.26,247.26,20/03/25,Natashaberg,Canada,Credit Card
100599,James Fowler,NA,Sports,Resistance Bands,2,65.31,130.62,06/09/26,Smithfurt,United Kingdom,Cash On Delivery
100600,,kennethvillarreal@example.org,Beauty,Lipstick Matte,2,210.06,420.12,22/07/26,Natashachester,NA,Debit Card
100601,Denise Miller,aruiz@example.com,Electronics,Bluetooth Speaker,8,84.6,676.8,27/02/26,Port Ethanview,U.S.A,Debit Card
100602,Heather Guzman,shawn00@example.net,Electronics,Wireless Mouse,7,27.67,193.69,01/03/26,Gibbsberg,Canada,Credit Card
100603,Curtis Torres,NA,Beauty,Sunscreen SPF50,3,34.55,103.65,30/08/26,Port Brooke,United Kingdom,Debit Card
100604,Unknown,jorgemcdaniel@example.com,Apparel,Wool Sweater,1,50,50,28/04/26,North Robert,India,Upi
100605,Shawn Duffy,andrewjohnson@example.net,Beauty,Face Moisturizer,1,243.45,243.45,01/07/26,North Terri,Canada,Debit Card
100606,Michael Jackson,mwilliamson@example.com,Beauty,Face Moisturizer,8,78.6,628.8,08/01/25,Georgeshire,U.S.A,Net Banking
100607,Nathan Graham,fwilcox@example.org,Electronics,Webcam HD,7,106.19,743.33,03/04/25,East Sophia,NA,Credit Card
100608,Deborah Francis,nanderson@example.net,Electronics,Wireless Mouse,8,48.99,391.92,25/02/25,Jessicaborough,India,Debit Card
100609,Jason Thomas,theresa39@example.com,Beauty,Sunscreen SPF50,5,88.63,443.15,16/07/26,Brandimouth,U.S.A,Net Banking
100610,John Savage,tmcdaniel@example.com,Electronics,Laptop Stand,1,101.76,101.76,20/02/26,Charlesside,Canada,Cash On Delivery
100611,Gary Young,wendy90@example.org,Beauty,Lipstick Matte,6,174.21,1045.26,25/03/25,NA,United Kingdom,Credit Card
100614,Shawn Austin,zachary62@example.com,Apparel,Denim Jacket,7,17.48,122.36,13/03/26,Gallagherberg,Canada,Net Banking
100615,Tammy Fields,jbrown@example.org,Electronics,Laptop Stand,8,61.82,494.56,03/08/25,South Jorgemouth,Canada,Cash On Delivery
100616,Zachary Ho,alexandervanessa@example.net,Beauty,Face Moisturizer,6,114.84,689.04,09/10/25,Rodriguezberg,United Kingdom,Net Banking
100619,Kevin Bean,eric17@example.net,Apparel,Denim Jacket,1,92.9,92.9,16/01/26,Fullerview,U.S.A,Credit Card
100620,,unguyen@example.net,Beauty,Face Moisturizer,2,142.69,285.38,15/07/26,East Michelle,United Kingdom,Credit Card
100622,Ann Phelps,paulpowell@example.net,Electronics,USB-C Cable,3,183.45,550.35,25/03/26,North Kenneth,Canada,Debit Card
100623,,michaeldavis@example.com,Apparel,Cotton T-Shirt,8,242.56,1940.48,30/09/25,Griffinfurt,U.S.A,Credit Card
100625,,sarahrose@example.net,Sports,Water Bottle 1L,8,40.67,325.36,10/09/25,Taylorland,India,Cash On Delivery
100626,Karen Hernandez,NA,Beauty,Face Moisturizer,1,166.74,166.74,10/08/25,Ashleyside,India,Cash On Delivery
100627,Andrew Rodriguez,dgutierrez@example.net,Home & Kitchen,LED Desk Lamp,1,207.62,207.62,03/01/26,Michaelshire,U.S.A,Net Banking
100628,Jonathan Wilson,lwhite@example.com,Sports,Jump Rope,7,194.97,1364.79,24/10/24,Mcdowellport,India,Credit Card
100629,Nathaniel Todd,qhanson@example.com,Sports,Water Bottle 1L,5,132.73,663.65,28/08/26,East Jacob,India,Debit Card
100630,Lindsey Savage,hamiltonandrew@example.com,Home & Kitchen,Throw Pillow,2,184.34,368.68,15/12/24,Lake Thomas,NA,Cash On Delivery
100632,Adrian Rodriguez,hortonjacob@example.org,Apparel,Running Shoes,3,180.02,540.06,20/02/25,Lake John,India,Cash On Delivery
100633,Shannon Ryan,turnersteven@example.com,Beauty,Face Moisturizer,7,207.97,1455.79,26/07/25,East Rachelmouth,Canada,Debit Card
100634,Kaitlyn Heath,jameshudson@example.com,Sports,Jump Rope,7,218.64,1530.48,28/10/24,North Crystalchester,Canada,Upi
100635,Sarah Mclaughlin,benjamin67@example.net,Apparel,Baseball Cap,8,36.7,293.6,27/11/25,Hallton,India,Credit Card
100636,Jennifer Stewart,adamsdeborah@example.com,Home & Kitchen,Non-Stick Pan,7,32.03,224.21,15/12/24,Shanechester,India,Debit Card
100637,Dwayne Lee,samuel83@example.net,Home & Kitchen,LED Desk Lamp,3,39.82,119.46,17/07/26,Sandramouth,United Kingdom,Cash On Delivery
100638,Edward Dawson,NA,Electronics,Wireless Mouse,2,218.25,436.5,03/11/26,Marshburgh,NA,Upi
100639,Diane Curry,manderson@example.org,Apparel,Denim Jacket,8,191.61,1532.88,12/07/25,Port Robertfort,United Kingdom,Upi
100641,Darrell Hoffman,vscott@example.com,Sports,Yoga Mat,2,52.14,104.28,04/06/26,Paulahaven,India,Credit Card
100642,Ashley Williams,wlloyd@example.org,Sports,Resistance Bands,5,197.76,988.8,09/03/26,Port Annahaven,Canada,Upi
100643,Mark Pitts,eric47@example.net,Electronics,Laptop Stand,1,88.29,88.29,20/09/25,East Deborahmouth,Australia,Credit Card
100644,,ahammond@example.org,Apparel,Running Shoes,5,193.23,966.15,24/05/26,Petersonhaven,NA,Credit Card
100645,Derek Espinoza,qward@example.org,Home & Kitchen,Throw Pillow,3,106.14,318.42,01/09/25,Cobbberg,India,Cash On Delivery
100646,Jennifer Ortiz,hcrane@example.net,Sports,Resistance Bands,7,50,350,12/06/25,South Dustintown,NA,Upi
100647,Kelly Jones,leroy26@example.org,Apparel,Cotton T-Shirt,2,65.35,130.7,07/05/25,Lake Sandraberg,England,Net Banking
100649,Lisa Thomas,ngriffin@example.net,Home & Kitchen,Ceramic Mug Set,5,71.96,359.8,21/12/25,Terryfurt,United Kingdom,Credit Card
100650,Shirley Miller,peter28@example.net,Sports,Dumbbell Set,2,101.85,203.7,16/04/25,New Andreahaven,Australia,Net Banking
100651,Mark Johnson,NA,Home & Kitchen,LED Desk Lamp,8,71.89,575.12,10/12/24,Port Nathanhaven,United Kingdom,Credit Card
100652,Anthony Curtis,westashley@example.org,Electronics,Webcam HD,1,169.81,169.81,18/08/25,Port Julie,Canada,Cash On Delivery
100653,Michelle Pineda,michaelmitchell@example.net,Electronics,Webcam HD,5,169.7,848.5,13/11/25,Lake Nicholas,Australia,Cash On Delivery
100655,Jeffery Anderson,seanwood@example.net,Home & Kitchen,Ceramic Mug Set,8,241.99,1935.92,07/12/25,Wigginsshire,NA,Cash On Delivery
100656,Unknown,jcolon@example.net,Electronics,Bluetooth Speaker,8,46.77,374.16,22/12/24,NA,Australia,Net Banking
100657,Bailey Lewis,kjohnson@example.net,Electronics,USB-C Cable,4,220.85,883.4,17/06/25,New Melissaville,U.S.A,Net Banking
100661,Nicholas Davis,zhughes@example.com,Electronics,Wireless Mouse,1,150.17,150.17,21/10/25,Fitzgeraldland,NA,Credit Card
100662,Michelle Armstrong,ann18@example.org,Electronics,Bluetooth Speaker,4,236.17,944.68,02/08/25,New Aimeefort,Canada,Credit Card
100663,Alicia Barrett,suzannehill@example.org,Electronics,Laptop Stand,2,196.75,393.5,19/03/25,Millerside,India,Credit Card
100664,Jennifer Williams,morganhenry@example.org,Electronics,Webcam HD,7,103.41,723.87,06/11/26,Patrickland,U.S.A,Upi
100665,Brett Jackson,NA,Beauty,Sunscreen SPF50,2,88.21,176.42,05/03/25,Gregoryton,Canada,Credit Card
100666,Erika Johnson,evanscorey@example.org,Sports,Yoga Mat,4,226.57,906.28,19/07/25,Jonathanville,United Kingdom,Upi
100667,David Harper,NA,Apparel,Denim Jacket,1,36.28,36.28,15/08/26,Brucemouth,United Kingdom,Credit Card
100668,Ana Johnson,robinsmith@example.net,Beauty,Lipstick Matte,5,95.36,476.8,26/08/26,East Kathrynberg,U.S.A,Net Banking
100670,Kristen Williams,nwoodward@example.com,Home & Kitchen,Cutting Board,6,155.95,935.7,01/11/26,North Brian,India,Upi
100671,,okidd@example.org,Electronics,USB-C Cable,8,157.86,1262.88,22/11/25,Brandonside,Canada,Credit Card
100672,Elizabeth Foster,rivasjessica@example.com,Electronics,Wireless Mouse,2,39.89,79.78,25/06/26,New William,United Kingdom,Debit Card
100673,Stacey Dougherty,tiffany74@example.org,Apparel,Running Shoes,6,212.65,1275.9,18/01/26,Matthewmouth,India,Credit Card
100676,Jamie Burke,xthompson@example.net,Sports,Dumbbell Set,5,198.45,992.25,09/10/26,South Mitchellborough,United Kingdom,Upi
100677,Daniel Smith,erin53@example.org,Electronics,Laptop Stand,2,46.02,92.04,05/10/26,Lindseybury,England,Cash On Delivery
100678,Johnny Cox,trevor93@example.org,Sports,Jump Rope,8,121.07,968.56,02/11/25,Rodriguezview,India,Credit Card
100680,Ryan Johnson,erin70@example.com,Beauty,Hair Dryer,1,118.99,118.99,01/02/26,Port Sheilachester,Canada,Upi
100681,Jennifer Martinez,hsimpson@example.org,Home & Kitchen,Throw Pillow,5,62.28,311.4,29/06/26,North Joshua,India,Cash On Delivery
100682,Jerry Smith,matthewbeard@example.org,Home & Kitchen,Ceramic Mug Set,2,93.26,186.52,14/09/26,Lake Rodney,U.S.A,Cash On Delivery
100683,David Martin,bryan10@example.com,Home & Kitchen,Ceramic Mug Set,3,249.61,748.83,08/02/25,New Lauramouth,NA,Debit Card
100684,Danielle Wells,marissa58@example.org,Beauty,Hair Dryer,1,120.64,120.64,08/11/26,Duranmouth,Canada,Cash On Delivery
100685,Angela Brown,bennettpamela@example.net,Beauty,Shampoo 500ml,8,182.02,1456.16,11/07/24,North Samantha,United Kingdom,Upi
100686,Eric Sims,garciabrian@example.org,Beauty,Sunscreen SPF50,1,96.8,96.8,24/04/25,Moraleschester,United Kingdom,Debit Card
100687,Kyle Keller,chavezsteven@example.com,Apparel,Wool Sweater,7,191.9,1343.3,26/06/26,West Debratown,United Kingdom,Credit Card
100689,Heather Olson,ilopez@example.org,Sports,Jump Rope,5,27.84,139.2,11/04/24,Breannahaven,NA,Credit Card
100690,Nicole Collins,dylanparker@example.com,Apparel,Cotton T-Shirt,7,74.54,521.78,21/04/25,New Brendaberg,India,Net Banking
100691,Jonathon Conley,hendersonjames@example.org,Apparel,Running Shoes,7,100.82,705.74,01/02/26,Port Casey,Australia,Credit Card
100692,John Holt,NA,Apparel,Running Shoes,8,43.9,351.2,08/11/25,Christinachester,Australia,Debit Card
100693,Brian Walter,crawfordsamantha@example.net,Electronics,USB-C Cable,7,153.19,1072.33,03/03/25,South Claire,Australia,Cash On Delivery
100695,Brian Roberts,crystaldurham@example.com,Beauty,Sunscreen SPF50,3,176.14,528.42,23/10/24,East Jamesburgh,U.S.A,Cash On Delivery
100696,Dennis Thompson,gregorysmith@example.com,Home & Kitchen,Non-Stick Pan,4,227.64,910.56,18/07/26,Port Ericafurt,India,Credit Card
100697,Stacey Morgan,kevinallen@example.com,Home & Kitchen,Throw Pillow,5,55.81,279.05,17/01/26,Johnsland,India,Credit Card
100698,Stephen Anderson,jamesgray@example.com,Electronics,Wireless Mouse,3,85.14,255.42,05/11/25,Rowlandbury,Canada,Cash On Delivery
100700,Stacey Clark,muellerkrystal@example.net,Beauty,Shampoo 500ml,1,170.96,170.96,07/11/24,Potterhaven,U.S.A,Net Banking
100701,Unknown,alicia77@example.com,Beauty,Face Moisturizer,2,100.7,201.4,04/05/25,Littleshire,Australia,Upi
100702,Christine Jacobson,zroy@example.org,Apparel,Running Shoes,4,27.39,109.56,05/02/25,Duncanstad,United Kingdom,Credit Card
100703,Bradley Walton,sean53@example.net,Apparel,Denim Jacket,2,204.83,409.66,21/10/24,Ronaldmouth,Australia,Upi
100704,Jacob Jimenez,patrick27@example.org,Apparel,Denim Jacket,6,47.54,285.24,03/04/25,West Rachelport,India,Credit Card
100705,Kayla Schneider,sara11@example.org,Home & Kitchen,Cutting Board,2,221.94,443.88,06/11/25,West James,Canada,Net Banking
100706,Eric Ochoa,james92@example.net,Home & Kitchen,Non-Stick Pan,7,171.09,1197.63,15/03/26,Alanport,United Kingdom,Debit Card
100707,Gregory Shea,wunderwood@example.net,Beauty,Face Moisturizer,8,98.68,789.44,29/09/24,Port Raymond,Australia,Credit Card
100708,Paul Wells,dsharp@example.com,Electronics,Bluetooth Speaker,7,190.53,1333.71,22/04/26,Meganchester,U.S.A,Upi
100709,Melissa Clark,NA,Electronics,USB-C Cable,8,186.12,1488.96,31/12/24,West Sherry,United Kingdom,Cash On Delivery
100711,Tammy Hernandez,ashley99@example.net,Beauty,Face Moisturizer,8,22.15,177.2,16/06/26,Harrisfurt,U.S.A,NA
100713,Alyssa Gonzalez,ocampbell@example.com,Home & Kitchen,Cutting Board,4,71.61,286.44,16/01/26,South Brianhaven,England,Upi
100714,Unknown,hmoore@example.org,Sports,Jump Rope,8,9.85,78.8,18/10/25,Paulfurt,United Kingdom,Upi
100715,Sharon Anderson,kylemeyers@example.net,Home & Kitchen,Throw Pillow,8,22.63,181.04,09/03/25,Brianahaven,U.S.A,Net Banking
100716,Judy Harris,seansummers@example.net,Beauty,Sunscreen SPF50,7,242.77,1699.39,05/04/26,Reneefort,United Kingdom,Credit Card
100717,Unknown,debbie75@example.net,Sports,Resistance Bands,7,239.49,1676.43,29/05/26,Peterburgh,Australia,Cash On Delivery
100718,Christopher Williamson,qellis@example.org,Beauty,Sunscreen SPF50,4,122.04,488.16,13/02/26,South Hollyton,India,Upi
100719,Seth Hill,elizabeth13@example.com,Apparel,Running Shoes,3,8.02,24.06,18/07/25,West Charlesville,Canada,NA
100720,Penny Ortiz,johnnyhunter@example.com,Beauty,Shampoo 500ml,5,174.5,872.5,10/10/24,Jamesfurt,Canada,Cash On Delivery
100721,,fletcherderek@example.net,Electronics,Webcam HD,6,204.49,1226.94,22/03/26,Murrayland,Canada,Upi
100724,Sara Cain,myerskyle@example.org,Sports,Yoga Mat,3,24.55,73.65,12/02/25,Port Nicholasborough,United Kingdom,Upi
100726,Stephen Robles,jenniferwilliams@example.net,Home & Kitchen,Throw Pillow,6,153.07,918.42,08/12/24,NA,United Kingdom,Upi
100727,Unknown,nmartinez@example.org,Electronics,Bluetooth Speaker,2,5.76,11.52,06/08/25,North Richard,U.S.A,Debit Card
100728,James Ellis,barrettjoshua@example.net,Home & Kitchen,Throw Pillow,8,131.15,1049.2,17/06/25,East Robertfort,NA,Cash On Delivery
100730,Mark Henson,tiffany71@example.com,Home & Kitchen,Cutting Board,3,218.12,654.36,10/03/24,Reyesbury,India,Cash On Delivery
100731,Michele Smith,jensenpenny@example.com,Beauty,Shampoo 500ml,2,123.13,246.26,03/12/25,Toddland,U.S.A,Credit Card
100732,James Phillips,NA,Beauty,Face Moisturizer,6,226.15,1356.9,28/07/26,Stevensonmouth,England,Cash On Delivery
100733,Evan Buchanan,meyertiffany@example.net,Sports,Jump Rope,6,218.63,1311.78,05/08/26,East Melaniemouth,India,Cash On Delivery
100735,,mckaybrett@example.org,Sports,Water Bottle 1L,6,238.75,1432.5,08/07/26,North Glenn,United Kingdom,Upi
100736,Rebecca Harris,simmonsstuart@example.org,Home & Kitchen,LED Desk Lamp,3,132.34,397.02,03/02/26,South Gregory,India,Upi
100738,Jay Lynch,ywolf@example.com,Home & Kitchen,Cutting Board,4,126.28,505.12,10/05/24,Simmonsland,India,NA
100739,Tammy Larson,angelathompson@example.com,Apparel,Cotton T-Shirt,3,214.91,644.73,25/08/25,Campbellside,U.S.A,Cash On Delivery
100740,Andrea Taylor,mgonzalez@example.org,Home & Kitchen,Throw Pillow,5,74.18,370.9,30/09/24,NA,Canada,Cash On Delivery
100742,Phillip Krueger,william75@example.net,Electronics,Bluetooth Speaker,2,171.19,342.38,11/02/24,Housebury,Canada,Credit Card
100743,Andrew Li,terrydeanna@example.com,Home & Kitchen,Throw Pillow,1,33.75,33.75,07/12/25,NA,Australia,Upi
100746,Debra Clark,ahale@example.org,Sports,Dumbbell Set,8,72.06,576.48,05/10/26,North Chadchester,U.S.A,Upi
100747,Mary Quinn,gregorylopez@example.org,Sports,Resistance Bands,2,179.87,359.74,02/12/25,New Stacy,U.S.A,Net Banking
100749,Carol Carter,emartinez@example.com,Electronics,Wireless Mouse,4,164.9,659.6,12/10/24,South Todd,India,Debit Card
100750,Alexandra Adams,ortegakristina@example.org,Apparel,Wool Sweater,1,65.84,65.84,30/11/24,South Carrieview,England,Upi